,16.778,-0.006834,0.006019,1.004923,,,,0.020165,16.778,,,,0.020165,2026-04-27T17:42:12,,,0.020165,16.778,,,,,0.085265,0.085265,91.474,rest,0.085265,0.085265,91.474,rest,2026-04-27T17:42:12,2026-04-27T05:13:46,5.229,synthetic_demo,DEMO_SENSOR_01,rest,0,16.778,-0.006834,0.006019,1.004923,0.010352,0.019848,0.020165,0.085265,91.474
,16.938,-0.000368,-0.007216,0.993127,,,,0.012357,16.938,,,,0.012357,2026-04-27T17:42:13,,,0.012357,16.938,,,,,0.085275,0.085275,91.473,rest,0.085275,0.085275,91.473,rest,2026-04-27T17:42:13,2026-04-27T05:25:47,5.43,synthetic_demo,DEMO_SENSOR_01,rest,0,16.938,-0.000368,-0.007216,0.993127,0.009972,0.022126,0.012357,0.085275,91.473
,17.053,-0.006714,0.017571,1.008269,,,,0.010194,17.053,,,,0.010194,2026-04-27T17:42:14,,,0.010194,17.053,,,,,0.085285,0.085285,91.472,rest,0.085285,0.085285,91.472,rest,2026-04-27T17:42:14,2026-04-27T05:38:06,5.635,synthetic_demo,DEMO_SENSOR_01,rest,0,17.053,-0.006714,0.017571,1.008269,0.020547,0.020033,0.010194,0.085285,91.472
,17.278,0.004887,0.049336,1.018703,,,,0.369093,17.278,,,,0.369093,2026-04-27T17:42:15,,,0.369093,17.278,,,,,0.085449,0.085449,91.455,train_passage,0.085449,0.085449,91.455,train_passage,2026-04-27T17:42:15,2026-04-27T05:50:06,5.835,synthetic_demo,DEMO_SENSOR_01,train_passage,1,17.278,0.004887,0.049336,1.018703,0.052988,0.311063,0.369093,0.085449,91.455
,18.274,0.311223,-0.102562,0.884042,,,,1.673456,18.274,,,,1.673456,2026-04-27T17:42:16,,,1.673456,18.274,,,,,0.08666,0.08666,91.334,train_passage,0.08666,0.08666,91.334,train_passage,2026-04-27T17:42:16,2026-04-27T06:02:08,6.036,synthetic_demo,DEMO_SENSOR_01,train_passage,1,18.274,0.311223,-0.102562,0.884042,0.347599,1.385075,1.673456,0.08666,91.334
,19.051,-0.228762,0.208207,1.007924,,,,1.565727,19.051,,,,1.565727,2026-04-27T17:42:17,,,1.565727,19.051,,,,,0.087772,0.087772,91.223,train_passage,0.087772,0.087772,91.223,train_passage,2026-04-27T17:42:17,2026-04-27T06:14:10,6.236,synthetic_demo,DEMO_SENSOR_01,train_passage,1,19.051,-0.228762,0.208207,1.007924,0.309427,1.302061,1.565727,0.087772,91.223
,18.823,-1.1e-05,-0.00022,1.008999,,,,0.02384,18.823,,,,0.02384,2026-04-27T17:42:18,,,0.02384,18.823,,,,,0.087782,0.087782,91.222,rest,0.087782,0.087782,91.222,rest,2026-04-27T17:42:18,2026-04-27T06:26:12,6.437,synthetic_demo,DEMO_SENSOR_01,rest,0,18.823,-1.1e-05,-0.00022,1.008999,0.009001,0.032685,0.02384,0.087782,91.222
,19.228,0.014997,0.007366,0.997033,,,,0.013567,19.228,,,,0.013567,2026-04-27T17:42:19,,,0.013567,19.228,,,,,0.087792,0.087792,91.221,rest,0.087792,0.087792,91.221,rest,2026-04-27T17:42:19,2026-04-27T06:38:13,6.637,synthetic_demo,DEMO_SENSOR_01,rest,0,19.228,0.014997,0.007366,0.997033,0.01697,0.03044,0.013567,0.087792,91.221
,19.26,0.003606,0.003711,1.004142,,,,0.016465,19.26,,,,0.016465,2026-04-27T17:42:20,,,0.016465,19.26,,,,,0.087802,0.087802,91.22,rest,0.087802,0.087802,91.22,rest,2026-04-27T17:42:20,2026-04-27T06:50:15,6.837,synthetic_demo,DEMO_SENSOR_01,rest,0,19.26,0.003606,0.003711,1.004142,0.006628,0.024008,0.016465,0.087802,91.22
,19.959,-0.014291,0.005802,0.996798,,,,0.01386,19.959,,,,0.01386,2026-04-27T17:42:21,,,0.01386,19.959,,,,,0.087812,0.087812,91.219,rest,0.087812,0.087812,91.219,rest,2026-04-27T17:42:21,2026-04-27T07:02:17,7.038,synthetic_demo,DEMO_SENSOR_01,rest,0,19.959,-0.014291,0.005802,0.996798,0.015753,0.022463,0.01386,0.087812,91.219
,19.683,-0.006823,-0.006935,0.999343,,,,0.021778,19.683,,,,0.021778,2026-04-27T17:42:22,,,0.021778,19.683,,,,,0.087822,0.087822,91.218,rest,0.087822,0.087822,91.218,rest,2026-04-27T17:42:22,2026-04-27T07:14:18,7.238,synthetic_demo,DEMO_SENSOR_01,rest,0,19.683,-0.006823,-0.006935,0.999343,0.009751,0.027371,0.021778,0.087822,91.218
,20.5,-0.018564,0.009212,1.002892,,,,0.012282,20.5,,,,0.012282,2026-04-27T17:42:23,,,0.012282,20.5,,,,,0.087832,0.087832,91.217,rest,0.087832,0.087832,91.217,rest,2026-04-27T17:42:23,2026-04-27T07:26:20,7.439,synthetic_demo,DEMO_SENSOR_01,rest,0,20.5,-0.018564,0.009212,1.002892,0.020925,0.023156,0.012282,0.087832,91.217
,20.888,-0.005831,-0.029004,1.074977,,,,0.395901,20.888,,,,0.395901,2026-04-27T17:42:24,,,0.395901,20.888,,,,,0.088049,0.088049,91.195,train_passage,0.088049,0.088049,91.195,train_passage,2026-04-27T17:42:24,2026-04-27T07:38:22,7.639,synthetic_demo,DEMO_SENSOR_01,train_passage,1,20.888,-0.005831,-0.029004,1.074977,0.080603,0.349332,0.395901,0.088049,91.195
,20.995,-0.001405,-0.123384,1.297878,,,,1.614396,20.995,,,,1.614396,2026-04-27T17:42:25,,,1.614396,20.995,,,,,0.089227,0.089227,91.077,train_passage,0.089227,0.089227,91.077,train_passage,2026-04-27T17:42:25,2026-04-27T07:50:32,7.842,synthetic_demo,DEMO_SENSOR_01,train_passage,1,20.995,-0.001405,-0.123384,1.297878,0.322423,1.305535,1.614396,0.089227,91.077
,21.717,0.241186,0.317123,1.439027,,,,1.811321,21.717,,,,1.811321,2026-04-27T17:42:26,,,1.811321,21.717,,,,,0.090484,0.090484,90.952,train_passage,0.090484,0.090484,90.952,train_passage,2026-04-27T17:42:26,2026-04-27T08:02:33,8.043,synthetic_demo,DEMO_SENSOR_01,train_passage,1,21.717,0.241186,0.317123,1.439027,0.592859,1.49131,1.811321,0.090484,90.952
,21.655,-0.000449,0.005164,1.000418,,,,0.012362,21.655,,,,0.012362,2026-04-27T17:42:27,,,0.012362,21.655,,,,,0.090494,0.090494,90.951,rest,0.090494,0.090494,90.951,rest,2026-04-27T17:42:27,2026-04-27T08:14:35,8.243,synthetic_demo,DEMO_SENSOR_01,rest,0,21.655,-0.000449,0.005164,1.000418,0.005201,0.02023,0.012362,0.090494,90.951
,22.043,0.005666,-0.012045,0.999633,,,,0.021659,22.043,,,,0.021659,2026-04-27T17:42:28,,,0.021659,22.043,,,,,0.090504,0.090504,90.95,rest,0.090504,0.090504,90.95,rest,2026-04-27T17:42:28,2026-04-27T08:26:36,8.443,synthetic_demo,DEMO_SENSOR_01,rest,0,22.043,0.005666,-0.012045,0.999633,0.013316,0.028026,0.021659,0.090504,90.95
,22.187,-0.009489,0.009409,1.002103,,,,0.019107,22.187,,,,0.019107,2026-04-27T17:42:29,,,0.019107,22.187,,,,,0.090514,0.090514,90.949,rest,0.090514,0.090514,90.949,rest,2026-04-27T17:42:29,2026-04-27T08:38:37,8.644,synthetic_demo,DEMO_SENSOR_01,rest,0,22.187,-0.009489,0.009409,1.002103,0.013527,0.017629,0.019107,0.090514,90.949
,22.855,-0.012846,0.014663,1.002183,,,,0.022978,22.855,,,,0.022978,2026-04-27T17:42:30,,,0.022978,22.855,,,,,0.090524,0.090524,90.948,rest,0.090524,0.090524,90.948,rest,2026-04-27T17:42:30,2026-04-27T08:50:38,8.844,synthetic_demo,DEMO_SENSOR_01,rest,0,22.855,-0.012846,0.014663,1.002183,0.019616,0.020321,0.022978,0.090524,90.948
,22.974,0.006419,0.003855,1.006271,,,,0.020457,22.974,,,,0.020457,2026-04-27T17:42:31,,,0.020457,22.974,,,,,0.090534,0.090534,90.947,rest,0.090534,0.090534,90.947,rest,2026-04-27T17:42:31,2026-04-27T09:02:40,9.044,synthetic_demo,DEMO_SENSOR_01,rest,0,22.974,0.006419,0.003855,1.006271,0.009767,0.024694,0.020457,0.090534,90.947
,22.982,0.001545,0.012309,0.997709,,,,0.025227,22.982,,,,0.025227,2026-04-27T17:42:32,,,0.025227,22.982,,,,,0.090544,0.090544,90.946,rest,0.090544,0.090544,90.946,rest,2026-04-27T17:42:32,2026-04-27T09:14:41,9.245,synthetic_demo,DEMO_SENSOR_01,rest,0,22.982,0.001545,0.012309,0.997709,0.012616,0.039799,0.025227,0.090544,90.946
,23.246,0.008463,-0.006781,0.992552,,,,0.006486,23.246,,,,0.006486,2026-04-27T17:42:33,,,0.006486,23.246,,,,,0.090554,0.090554,90.945,rest,0.090554,0.090554,90.945,rest,2026-04-27T17:42:33,2026-04-27T09:26:42,9.445,synthetic_demo,DEMO_SENSOR_01,rest,0,23.246,0.008463,-0.006781,0.992552,0.013156,0.025734,0.006486,0.090554,90.945
,23.731,-0.012093,0.003102,1.002893,,,,0.015462,23.731,,,,0.015462,2026-04-27T17:42:34,,,0.015462,23.731,,,,,0.090564,0.090564,90.944,rest,0.090564,0.090564,90.944,rest,2026-04-27T17:42:34,2026-04-27T09:38:43,9.645,synthetic_demo,DEMO_SENSOR_01,rest,0,23.731,-0.012093,0.003102,1.002893,0.012816,0.020227,0.015462,0.090564,90.944
,23.964,-0.009311,-0.004967,1.005667,,,,0.027874,23.964,,,,0.027874,2026-04-27T17:42:35,,,0.027874,23.964,,,,,0.090574,0.090574,90.943,rest,0.090574,0.090574,90.943,rest,2026-04-27T17:42:35,2026-04-27T09:50:44,9.846,synthetic_demo,DEMO_SENSOR_01,rest,0,23.964,-0.009311,-0.004967,1.005667,0.011979,0.012219,0.027874,0.090574,90.943
,24.13,-0.012253,-0.018128,1.002956,,,,0.013876,24.13,,,,0.013876,2026-04-27T17:42:36,,,0.013876,24.13,,,,,0.090584,0.090584,90.942,rest,0.090584,0.090584,90.942,rest,2026-04-27T17:42:36,2026-04-27T10:02:46,10.046,synthetic_demo,DEMO_SENSOR_01,rest,0,24.13,-0.012253,-0.018128,1.002956,0.022079,0.029885,0.013876,0.090584,90.942
,24.723,-0.073804,0.014287,0.988344,,,,0.396223,24.723,,,,0.396223,2026-04-27T17:42:37,,,0.396223,24.723,,,,,0.090798,0.090798,90.92,train_passage,0.090798,0.090798,90.92,train_passage,2026-04-27T17:42:37,2026-04-27T10:14:48,10.247,synthetic_demo,DEMO_SENSOR_01,train_passage,1,24.723,-0.073804,0.014287,0.988344,0.076072,0.338755,0.396223,0.090798,90.92
,24.376,0.116184,-0.28258,1.46158,,,,1.601707,24.376,,,,1.601707,2026-04-27T17:42:38,,,1.601707,24.376,,,,,0.091859,0.091859,90.814,train_passage,0.091859,0.091859,90.814,train_passage,2026-04-27T17:42:38,2026-04-27T10:26:53,10.448,synthetic_demo,DEMO_SENSOR_01,train_passage,1,24.376,0.116184,-0.28258,1.46158,0.55354,1.209775,1.601707,0.091859,90.814
,24.509,0.121272,-0.128048,0.758776,,,,1.475633,24.509,,,,1.475633,2026-04-27T17:42:39,,,1.475633,24.509,,,,,0.092868,0.092868,90.713,train_passage,0.092868,0.092868,90.713,train_passage,2026-04-27T17:42:39,2026-04-27T10:38:55,10.649,synthetic_demo,DEMO_SENSOR_01,train_passage,1,24.509,0.121272,-0.128048,0.758776,0.298818,1.210214,1.475633,0.092868,90.713
,24.913,-0.003259,0.004878,1.002454,,,,0.018878,24.913,,,,0.018878,2026-04-27T17:42:40,,,0.018878,24.913,,,,,0.092878,0.092878,90.712,rest,0.092878,0.092878,90.712,rest,2026-04-27T17:42:40,2026-04-27T10:50:56,10.849,synthetic_demo,DEMO_SENSOR_01,rest,0,24.913,-0.003259,0.004878,1.002454,0.006359,0.029285,0.018878,0.092878,90.712
,24.857,-0.014129,0.003678,0.995445,,,,0.027826,24.857,,,,0.027826,2026-04-27T17:42:41,,,0.027826,24.857,,,,,0.092888,0.092888,90.711,rest,0.092888,0.092888,90.711,rest,2026-04-27T17:42:41,2026-04-27T11:02:58,11.049,synthetic_demo,DEMO_SENSOR_01,rest,0,24.857,-0.014129,0.003678,0.995445,0.015294,0.022094,0.027826,0.092888,90.711
,25.034,-0.007235,-0.0015,1.001129,,,,0.027081,25.034,,,,0.027081,2026-04-27T17:42:42,,,0.027081,25.034,,,,,0.092898,0.092898,90.71,rest,0.092898,0.092898,90.71,rest,2026-04-27T17:42:42,2026-04-27T11:14:59,11.25,synthetic_demo,DEMO_SENSOR_01,rest,0,25.034,-0.007235,-0.0015,1.001129,0.007474,0.007047,0.027081,0.092898,90.71
,24.667,0.011498,0.002841,1.008588,,,,0.019022,24.667,,,,0.019022,2026-04-27T17:42:43,,,0.019022,24.667,,,,,0.092908,0.092908,90.709,rest,0.092908,0.092908,90.709,rest,2026-04-27T17:42:43,2026-04-27T11:27:00,11.45,synthetic_demo,DEMO_SENSOR_01,rest,0,24.667,0.011498,0.002841,1.008588,0.01463,0.02293,0.019022,0.092908,90.709
,25.189,-0.000249,4.2e-05,0.994987,,,,0.017584,25.189,,,,0.017584,2026-04-27T17:42:44,,,0.017584,25.189,,,,,0.092918,0.092918,90.708,rest,0.092918,0.092918,90.708,rest,2026-04-27T17:42:44,2026-04-27T11:39:16,11.654,synthetic_demo,DEMO_SENSOR_01,rest,0,25.189,-0.000249,4.2e-05,0.994987,0.00502,0.016053,0.017584,0.092918,90.708
,24.877,-0.000655,-0.008666,0.99435,,,,0.012062,24.877,,,,0.012062,2026-04-27T17:42:45,,,0.012062,24.877,,,,,0.092928,0.092928,90.707,rest,0.092928,0.092928,90.707,rest,2026-04-27T17:42:45,2026-04-27T11:51:18,11.855,synthetic_demo,DEMO_SENSOR_01,rest,0,24.877,-0.000655,-0.008666,0.99435,0.010366,0.026016,0.012062,0.092928,90.707
,25.009,-0.00228,0.01148,0.999535,,,,0.016265,25.009,,,,0.016265,2026-04-27T17:42:46,,,0.016265,25.009,,,,,0.092938,0.092938,90.706,rest,0.092938,0.092938,90.706,rest,2026-04-27T17:42:46,2026-04-27T12:03:19,12.055,synthetic_demo,DEMO_SENSOR_01,rest,0,25.009,-0.00228,0.01148,0.999535,0.011713,0.020487,0.016265,0.092938,90.706
,24.769,-0.004021,-0.003882,0.997844,,,,0.006408,24.769,,,,0.006408,2026-04-27T17:42:47,,,0.006408,24.769,,,,,0.092948,0.092948,90.705,rest,0.092948,0.092948,90.705,rest,2026-04-27T17:42:47,2026-04-27T12:15:21,12.256,synthetic_demo,DEMO_SENSOR_01,rest,0,24.769,-0.004021,-0.003882,0.997844,0.005991,0.019891,0.006408,0.092948,90.705
,25.3,0.003203,-0.003301,1.004192,,,,0.000341,25.3,,,,0.000341,2026-04-27T17:42:48,,,0.000341,25.3,,,,,0.092958,0.092958,90.704,rest,0.092958,0.092958,90.704,rest,2026-04-27T17:42:48,2026-04-27T12:27:22,12.456,synthetic_demo,DEMO_SENSOR_01,rest,0,25.3,0.003203,-0.003301,1.004192,0.006223,0.026394,0.000341,0.092958,90.704
,24.717,-0.000725,0.010231,0.994756,,,,0.029458,24.717,,,,0.029458,2026-04-27T17:42:49,,,0.029458,24.717,,,,,0.092968,0.092968,90.703,rest,0.092968,0.092968,90.703,rest,2026-04-27T17:42:49,2026-04-27T12:39:23,12.656,synthetic_demo,DEMO_SENSOR_01,rest,0,24.717,-0.000725,0.010231,0.994756,0.01152,0.018334,0.029458,0.092968,90.703
,24.45,0.000432,-0.004594,1.000874,,,,0.027285,24.45,,,,0.027285,2026-04-27T17:42:50,,,0.027285,24.45,,,,,0.092978,0.092978,90.702,rest,0.092978,0.092978,90.702,rest,2026-04-27T17:42:50,2026-04-27T12:51:24,12.857,synthetic_demo,DEMO_SENSOR_01,rest,0,24.45,0.000432,-0.004594,1.000874,0.004696,0.032414,0.027285,0.092978,90.702
,24.323,0.095635,0.042382,1.019087,,,,0.495606,24.323,,,,0.495606,2026-04-27T17:42:51,,,0.495606,24.323,,,,,0.093193,0.093193,90.681,train_passage,0.093193,0.093193,90.681,train_passage,2026-04-27T17:42:51,2026-04-27T13:03:25,13.057,synthetic_demo,DEMO_SENSOR_01,train_passage,1,24.323,0.095635,0.042382,1.019087,0.106333,0.384842,0.495606,0.093193,90.681
,24.766,-0.158127,-0.149706,1.283541,,,,1.454463,24.766,,,,1.454463,2026-04-27T17:42:52,,,1.454463,24.766,,,,,0.094242,0.094242,90.576,train_passage,0.094242,0.094242,90.576,train_passage,2026-04-27T17:42:52,2026-04-27T13:15:27,13.258,synthetic_demo,DEMO_SENSOR_01,train_passage,1,24.766,-0.158127,-0.149706,1.283541,0.357507,1.271425,1.454463,0.094242,90.576
,24.473,0.050643,0.00906,1.427036,,,,1.372456,24.473,,,,1.372456,2026-04-27T17:42:53,,,1.372456,24.473,,,,,0.095172,0.095172,90.483,train_passage,0.095172,0.095172,90.483,train_passage,2026-04-27T17:42:53,2026-04-27T13:27:30,13.458,synthetic_demo,DEMO_SENSOR_01,train_passage,1,24.473,0.050643,0.00906,1.427036,0.430123,1.137059,1.372456,0.095172,90.483
,24.378,0.00455,0.013446,0.998162,,,,0.007847,24.378,,,,0.007847,2026-04-27T17:42:54,,,0.007847,24.378,,,,,0.095182,0.095182,90.482,rest,0.095182,0.095182,90.482,rest,2026-04-27T17:42:54,2026-04-27T13:39:31,13.659,synthetic_demo,DEMO_SENSOR_01,rest,0,24.378,0.00455,0.013446,0.998162,0.014313,0.022887,0.007847,0.095182,90.482
,24.469,-0.013021,0.007714,1.006375,,,,0.01387,24.469,,,,0.01387,2026-04-27T17:42:55,,,0.01387,24.469,,,,,0.095192,0.095192,90.481,rest,0.095192,0.095192,90.481,rest,2026-04-27T17:42:55,2026-04-27T13:51:33,13.859,synthetic_demo,DEMO_SENSOR_01,rest,0,24.469,-0.013021,0.007714,1.006375,0.016423,0.024491,0.01387,0.095192,90.481
,24.055,-0.00999,0.009736,0.997366,,,,0.010873,24.055,,,,0.010873,2026-04-27T17:42:56,,,0.010873,24.055,,,,,0.095202,0.095202,90.48,rest,0.095202,0.095202,90.48,rest,2026-04-27T17:42:56,2026-04-27T14:03:35,14.06,synthetic_demo,DEMO_SENSOR_01,rest,0,24.055,-0.00999,0.009736,0.997366,0.014196,0.023589,0.010873,0.095202,90.48
,23.884,-0.000394,0.015686,1.012422,,,,0.018279,23.884,,,,0.018279,2026-04-27T17:42:57,,,0.018279,23.884,,,,,0.095212,0.095212,90.479,rest,0.095212,0.095212,90.479,rest,2026-04-27T17:42:57,2026-04-27T14:15:37,14.26,synthetic_demo,DEMO_SENSOR_01,rest,0,23.884,-0.000394,0.015686,1.012422,0.020013,0.005082,0.018279,0.095212,90.479
,23.458,-0.015907,0.009699,1.001678,,,,0.009952,23.458,,,,0.009952,2026-04-27T17:42:58,,,0.009952,23.458,,,,,0.095222,0.095222,90.478,rest,0.095222,0.095222,90.478,rest,2026-04-27T17:42:58,2026-04-27T14:27:39,14.461,synthetic_demo,DEMO_SENSOR_01,rest,0,23.458,-0.015907,0.009699,1.001678,0.018706,0.03604,0.009952,0.095222,90.478
,23.148,-0.007352,9e-05,1.000108,,,,0.013752,23.148,,,,0.013752,2026-04-27T17:42:59,,,0.013752,23.148,,,,,0.095232,0.095232,90.477,rest,0.095232,0.095232,90.477,rest,2026-04-27T17:42:59,2026-04-27T14:39:40,14.661,synthetic_demo,DEMO_SENSOR_01,rest,0,23.148,-0.007352,9e-05,1.000108,0.007354,0.034114,0.013752,0.095232,90.477
,23.318,0.004576,0.000172,0.998444,,,,0.02156,23.318,,,,0.02156,2026-04-27T17:43:00,,,0.02156,23.318,,,,,0.095242,0.095242,90.476,rest,0.095242,0.095242,90.476,rest,2026-04-27T17:43:00,2026-04-27T14:51:42,14.862,synthetic_demo,DEMO_SENSOR_01,rest,0,23.318,0.004576,0.000172,0.998444,0.004836,0.024713,0.02156,0.095242,90.476
,22.779,0.00509,-0.007501,1.002876,,,,0.009658,22.779,,,,0.009658,2026-04-27T17:43:01,,,0.009658,22.779,,,,,0.095252,0.095252,90.475,rest,0.095252,0.095252,90.475,rest,2026-04-27T17:43:01,2026-04-27T15:03:43,15.062,synthetic_demo,DEMO_SENSOR_01,rest,0,22.779,0.00509,-0.007501,1.002876,0.00951,0.023786,0.009658,0.095252,90.475
,22.891,-0.012128,0.00064,1.002251,,,,0.01084,22.891,,,,0.01084,2026-04-27T17:43:02,,,0.01084,22.891,,,,,0.095262,0.095262,90.474,rest,0.095262,0.095262,90.474,rest,2026-04-27T17:43:02,2026-04-27T15:15:44,15.262,synthetic_demo,DEMO_SENSOR_01,rest,0,22.891,-0.012128,0.00064,1.002251,0.012352,0.018791,0.01084,0.095262,90.474
,22.04,0.011809,0.01361,1.001087,,,,0.014859,22.04,,,,0.014859,2026-04-27T17:43:03,,,0.014859,22.04,,,,,0.095272,0.095272,90.473,rest,0.095272,0.095272,90.473,rest,2026-04-27T17:43:03,2026-04-27T15:27:45,15.462,synthetic_demo,DEMO_SENSOR_01,rest,0,22.04,0.011809,0.01361,1.001087,0.018052,0.022533,0.014859,0.095272,90.473
,22.208,0.069824,-0.006681,1.038593,,,,0.365474,22.208,,,,0.365474,2026-04-27T17:43:04,,,0.365474,22.208,,,,,0.095469,0.095469,90.453,train_passage,0.095469,0.095469,90.453,train_passage,2026-04-27T17:43:04,2026-04-27T15:39:46,15.663,synthetic_demo,DEMO_SENSOR_01,train_passage,1,22.208,0.069824,-0.006681,1.038593,0.080059,0.442661,0.365474,0.095469,90.453
,21.858,-0.196382,0.031633,1.235709,,,,1.543454,21.858,,,,1.543454,2026-04-27T17:43:05,,,1.543454,21.858,,,,,0.096545,0.096545,90.345,train_passage,0.096545,0.096545,90.345,train_passage,2026-04-27T17:43:05,2026-04-27T15:51:48,15.863,synthetic_demo,DEMO_SENSOR_01,train_passage,1,21.858,-0.196382,0.031633,1.235709,0.308424,1.29406,1.543454,0.096545,90.345
,21.52,0.281556,0.146492,0.558377,,,,1.647417,21.52,,,,1.647417,2026-04-27T17:43:06,,,1.647417,21.52,,,,,0.097608,0.097608,90.239,train_passage,0.097608,0.097608,90.239,train_passage,2026-04-27T17:43:06,2026-04-27T16:03:50,16.064,synthetic_demo,DEMO_SENSOR_01,train_passage,1,21.52,0.281556,0.146492,0.558377,0.543842,1.213403,1.647417,0.097608,90.239
,21.203,0.003108,-0.00738,1.008829,,,,0.017083,21.203,,,,0.017083,2026-04-27T17:43:07,,,0.017083,21.203,,,,,0.097618,0.097618,90.238,rest,0.097618,0.097618,90.238,rest,2026-04-27T17:43:07,2026-04-27T16:15:51,16.264,synthetic_demo,DEMO_SENSOR_01,rest,0,21.203,0.003108,-0.00738,1.008829,0.01192,0.035738,0.017083,0.097618,90.238
,20.661,-0.004136,0.01042,1.001335,,,,0.020529,20.661,,,,0.020529,2026-04-27T17:43:08,,,0.020529,20.661,,,,,0.097628,0.097628,90.237,rest,0.097628,0.097628,90.237,rest,2026-04-27T17:43:08,2026-04-27T16:27:52,16.464,synthetic_demo,DEMO_SENSOR_01,rest,0,20.661,-0.004136,0.01042,1.001335,0.01129,0.014071,0.020529,0.097628,90.237
,20.564,0.000707,0.004454,1.004911,,,,0.012583,20.564,,,,0.012583,2026-04-27T17:43:09,,,0.012583,20.564,,,,,0.097638,0.097638,90.236,rest,0.097638,0.097638,90.236,rest,2026-04-27T17:43:09,2026-04-27T16:39:53,16.665,synthetic_demo,DEMO_SENSOR_01,rest,0,20.564,0.000707,0.004454,1.004911,0.006668,0.017022,0.012583,0.097638,90.236
,19.862,0.002059,0.009716,0.995404,,,,0.017291,19.862,,,,0.017291,2026-04-27T17:43:10,,,0.017291,19.862,,,,,0.097648,0.097648,90.235,rest,0.097648,0.097648,90.235,rest,2026-04-27T17:43:10,2026-04-27T16:51:54,16.865,synthetic_demo,DEMO_SENSOR_01,rest,0,19.862,0.002059,0.009716,0.995404,0.010944,0.019881,0.017291,0.097648,90.235
,19.309,0.002408,0.002554,0.993274,,,,0.027586,19.309,,,,0.027586,2026-04-27T17:43:11,,,0.027586,19.309,,,,,0.097658,0.097658,90.234,rest,0.097658,0.097658,90.234,rest,2026-04-27T17:43:11,2026-04-27T17:03:55,17.065,synthetic_demo,DEMO_SENSOR_01,rest,0,19.309,0.002408,0.002554,0.993274,0.007587,0.038161,0.027586,0.097658,90.234
,19.132,-0.005508,-0.000713,1.006979,,,,0.023131,19.132,,,,0.023131,2026-04-27T17:43:12,,,0.023131,19.132,,,,,0.097668,0.097668,90.233,rest,0.097668,0.097668,90.233,rest,2026-04-27T17:43:12,2026-04-27T17:15:56,17.266,synthetic_demo,DEMO_SENSOR_01,rest,0,19.132,-0.005508,-0.000713,1.006979,0.008919,0.020299,0.023131,0.097668,90.233
,18.477,-0.005676,0.000616,0.954663,,,,0.420323,18.477,,,,0.420323,2026-04-27T17:43:13,,,0.420323,18.477,,,,,0.097878,0.097878,90.212,train_passage,0.097878,0.097878,90.212,train_passage,2026-04-27T17:43:13,2026-04-27T17:27:58,17.466,synthetic_demo,DEMO_SENSOR_01,train_passage,1,18.477,-0.005676,0.000616,0.954663,0.045695,0.361661,0.420323,0.097878,90.212
,18.686,-0.096478,-0.261779,0.725709,,,,1.65705,18.686,,,,1.65705,2026-04-27T17:43:14,,,1.65705,18.686,,,,,0.099078,0.099078,90.092,train_passage,0.099078,0.099078,90.092,train_passage,2026-04-27T17:43:14,2026-04-27T17:39:59,17.666,synthetic_demo,DEMO_SENSOR_01,train_passage,1,18.686,-0.096478,-0.261779,0.725709,0.391244,1.420395,1.65705,0.099078,90.092
,18.518,0.3277,0.021139,0.806149,,,,1.450436,18.518,,,,1.450436,2026-04-27T17:43:15,,,1.450436,18.518,,,,,0.100145,0.100145,89.985,train_passage,0.100145,0.100145,89.985,train_passage,2026-04-27T17:43:15,2026-04-27T17:52:00,17.867,synthetic_demo,DEMO_SENSOR_01,train_passage,1,18.518,0.3277,0.021139,0.806149,0.38133,1.227244,1.450436,0.100145,89.985
,18.198,0.000724,-0.007622,0.996433,,,,0.023217,18.198,,,,0.023217,2026-04-27T17:43:16,,,0.023217,18.198,,,,,0.100155,0.100155,89.984,rest,0.100155,0.100155,89.984,rest,2026-04-27T17:43:16,2026-04-27T18:04:02,18.067,synthetic_demo,DEMO_SENSOR_01,rest,0,18.198,0.000724,-0.007622,0.996433,0.008447,0.011249,0.023217,0.100155,89.984
,17.271,-0.012115,-0.000984,0.996398,,,,0.031247,17.271,,,,0.031247,2026-04-27T17:43:17,,,0.031247,17.271,,,,,0.100165,0.100165,89.983,rest,0.100165,0.100165,89.983,rest,2026-04-27T17:43:17,2026-04-27T18:16:03,18.267,synthetic_demo,DEMO_SENSOR_01,rest,0,17.271,-0.012115,-0.000984,0.996398,0.012677,0.017467,0.031247,0.100165,89.983
,16.757,-0.011599,0.01413,1.005116,,,,0.020454,16.757,,,,0.020454,2026-04-27T17:43:18,,,0.020454,16.757,,,,,0.100175,0.100175,89.982,rest,0.100175,0.100175,89.982,rest,2026-04-27T17:43:18,2026-04-27T18:28:16,18.471,synthetic_demo,DEMO_SENSOR_01,rest,0,16.757,-0.011599,0.01413,1.005116,0.018983,0.02543,0.020454,0.100175,89.982
,16.922,-0.011229,-0.004028,1.004329,,,,0.027674,16.922,,,,0.027674,2026-04-27T17:43:19,,,0.027674,16.922,,,,,0.100185,0.100185,89.981,rest,0.100185,0.100185,89.981,rest,2026-04-27T17:43:19,2026-04-27T18:40:17,18.671,synthetic_demo,DEMO_SENSOR_01,rest,0,16.922,-0.011229,-0.004028,1.004329,0.012691,0.032271,0.027674,0.100185,89.981
,16.503,-0.004418,-0.006645,1.002337,,,,0.01482,16.503,,,,0.01482,2026-04-27T17:43:20,,,0.01482,16.503,,,,,0.100195,0.100195,89.98,rest,0.100195,0.100195,89.98,rest,2026-04-27T17:43:20,2026-04-27T18:52:18,18.872,synthetic_demo,DEMO_SENSOR_01,rest,0,16.503,-0.004418,-0.006645,1.002337,0.008315,0.024414,0.01482,0.100195,89.98
,16.29,0.007159,0.012527,0.994484,,,,0.011227,16.29,,,,0.011227,2026-04-27T17:43:21,,,0.011227,16.29,,,,,0.100205,0.100205,89.979,rest,0.100205,0.100205,89.979,rest,2026-04-27T17:43:21,2026-04-27T19:04:28,19.074,synthetic_demo,DEMO_SENSOR_01,rest,0,16.29,0.007159,0.012527,0.994484,0.015446,0.016121,0.011227,0.100205,89.979
,15.166,-0.000911,0.014644,0.995582,,,,0.027492,15.166,,,,0.027492,2026-04-27T17:43:22,,,0.027492,15.166,,,,,0.100215,0.100215,89.978,rest,0.100215,0.100215,89.978,rest,2026-04-27T17:43:22,2026-04-27T19:16:29,19.275,synthetic_demo,DEMO_SENSOR_01,rest,0,15.166,-0.000911,0.014644,0.995582,0.015323,0.01674,0.027492,0.100215,89.978
,15.61,0.00527,-0.002303,1.002906,,,,0.020239,15.61,,,,0.020239,2026-04-27T17:43:23,,,0.020239,15.61,,,,,0.100225,0.100225,89.977,rest,0.100225,0.100225,89.977,rest,2026-04-27T17:43:23,2026-04-27T19:28:30,19.475,synthetic_demo,DEMO_SENSOR_01,rest,0,15.61,0.00527,-0.002303,1.002906,0.006443,0.025666,0.020239,0.100225,89.977
,14.988,-0.006394,0.012662,0.999329,,,,0.014689,14.988,,,,0.014689,2026-04-27T17:43:24,,,0.014689,14.988,,,,,0.100235,0.100235,89.976,rest,0.100235,0.100235,89.976,rest,2026-04-27T17:43:24,2026-04-27T19:40:32,19.676,synthetic_demo,DEMO_SENSOR_01,rest,0,14.988,-0.006394,0.012662,0.999329,0.014201,0.017043,0.014689,0.100235,89.976
,14.565,-0.007475,0.002973,1.007364,,,,0.01512,14.565,,,,0.01512,2026-04-27T17:43:25,,,0.01512,14.565,,,,,0.100245,0.100245,89.975,rest,0.100245,0.100245,89.975,rest,2026-04-27T17:43:25,2026-04-27T19:52:33,19.876,synthetic_demo,DEMO_SENSOR_01,rest,0,14.565,-0.007475,0.002973,1.007364,0.010906,0.027738,0.01512,0.100245,89.975
,14.658,0.027377,0.048073,1.073538,,,,0.284585,14.658,,,,0.284585,2026-04-27T17:43:26,,,0.284585,14.658,,,,,0.100434,0.100434,89.957,train_passage,0.100434,0.100434,89.957,train_passage,2026-04-27T17:43:26,2026-04-27T20:04:34,20.076,synthetic_demo,DEMO_SENSOR_01,train_passage,1,14.658,0.027377,0.048073,1.073538,0.092024,0.30164,0.284585,0.100434,89.957
,13.832,-0.079483,-0.088908,0.622054,,,,1.314414,13.832,,,,1.314414,2026-04-27T17:43:27,,,1.314414,13.832,,,,,0.101347,0.101347,89.865,train_passage,0.101347,0.101347,89.865,train_passage,2026-04-27T17:43:27,2026-04-27T20:16:35,20.276,synthetic_demo,DEMO_SENSOR_01,train_passage,1,13.832,-0.079483,-0.088908,0.622054,0.396315,1.152979,1.314414,0.101347,89.865
,13.769,-0.160095,-0.145501,0.77866,,,,1.428464,13.769,,,,1.428464,2026-04-27T17:43:28,,,1.428464,13.769,,,,,0.102367,0.102367,89.763,train_passage,0.102367,0.102367,89.763,train_passage,2026-04-27T17:43:28,2026-04-27T20:28:40,20.478,synthetic_demo,DEMO_SENSOR_01,train_passage,1,13.769,-0.160095,-0.145501,0.77866,0.309504,1.191337,1.428464,0.102367,89.763
,13.653,0.012311,0.00184,1.001592,,,,0.031206,13.653,,,,0.031206,2026-04-27T17:43:29,,,0.031206,13.653,,,,,0.102377,0.102377,89.762,rest,0.102377,0.102377,89.762,rest,2026-04-27T17:43:29,2026-04-27T20:40:41,20.678,synthetic_demo,DEMO_SENSOR_01,rest,0,13.653,0.012311,0.00184,1.001592,0.012549,0.028584,0.031206,0.102377,89.762
,13.321,0.00704,-0.006672,0.998774,,,,0.019917,13.321,,,,0.019917,2026-04-27T17:43:30,,,0.019917,13.321,,,,,0.102387,0.102387,89.761,rest,0.102387,0.102387,89.761,rest,2026-04-27T17:43:30,2026-04-27T20:52:43,20.879,synthetic_demo,DEMO_SENSOR_01,rest,0,13.321,0.00704,-0.006672,0.998774,0.009777,0.03648,0.019917,0.102387,89.761
,12.815,0.008147,0.01063,1.001533,,,,0.028668,12.815,,,,0.028668,2026-04-27T17:43:31,,,0.028668,12.815,,,,,0.102397,0.102397,89.76,rest,0.102397,0.102397,89.76,rest,2026-04-27T17:43:31,2026-04-27T21:04:44,21.079,synthetic_demo,DEMO_SENSOR_01,rest,0,12.815,0.008147,0.01063,1.001533,0.01348,0.018696,0.028668,0.102397,89.76
,12.868,-0.006528,-0.011683,1.011009,,,,0.021324,12.868,,,,0.021324,2026-04-27T17:43:32,,,0.021324,12.868,,,,,0.102407,0.102407,89.759,rest,0.102407,0.102407,89.759,rest,2026-04-27T17:43:32,2026-04-27T21:16:46,21.279,synthetic_demo,DEMO_SENSOR_01,rest,0,12.868,-0.006528,-0.011683,1.011009,0.017329,0.025352,0.021324,0.102407,89.759
,12.144,0.003972,-0.00475,0.994774,,,,0.018525,12.144,,,,0.018525,2026-04-27T17:43:33,,,0.018525,12.144,,,,,0.102417,0.102417,89.758,rest,0.102417,0.102417,89.758,rest,2026-04-27T17:43:33,2026-04-27T21:28:47,21.48,synthetic_demo,DEMO_SENSOR_01,rest,0,12.144,0.003972,-0.00475,0.994774,0.008103,0.03231,0.018525,0.102417,89.758
,12.837,0.008225,0.015076,0.993203,,,,0.037547,12.837,,,,0.037547,2026-04-27T17:43:34,,,0.037547,12.837,,,,,0.102427,0.102427,89.757,rest,0.102427,0.102427,89.757,rest,2026-04-27T17:43:34,2026-04-27T21:40:51,21.681,synthetic_demo,DEMO_SENSOR_01,rest,0,12.837,0.008225,0.015076,0.993203,0.018469,0.033588,0.037547,0.102427,89.757
,11.886,-0.010526,-0.003982,0.999843,,,,0.01415,11.886,,,,0.01415,2026-04-27T17:43:35,,,0.01415,11.886,,,,,0.102437,0.102437,89.756,rest,0.102437,0.102437,89.756,rest,2026-04-27T17:43:35,2026-04-27T21:52:53,21.881,synthetic_demo,DEMO_SENSOR_01,rest,0,11.886,-0.010526,-0.003982,0.999843,0.011255,0.041562,0.01415,0.102437,89.756
,12.323,-0.011836,0.008587,1.00335,,,,0.015563,12.323,,,,0.015563,2026-04-27T17:43:36,,,0.015563,12.323,,,,,0.102447,0.102447,89.755,rest,0.102447,0.102447,89.755,rest,2026-04-27T17:43:36,2026-04-27T22:04:55,22.082,synthetic_demo,DEMO_SENSOR_01,rest,0,12.323,-0.011836,0.008587,1.00335,0.015002,0.038186,0.015563,0.102447,89.755
,11.785,-0.005929,0.008079,0.996026,,,,0.006473,11.785,,,,0.006473,2026-04-27T17:43:37,,,0.006473,11.785,,,,,0.102457,0.102457,89.754,rest,0.102457,0.102457,89.754,rest,2026-04-27T17:43:37,2026-04-27T22:17:21,22.289,synthetic_demo,DEMO_SENSOR_01,rest,0,11.785,-0.005929,0.008079,0.996026,0.01078,0.019603,0.006473,0.102457,89.754
,10.997,-0.049751,-0.043206,0.968242,,,,0.340336,10.997,,,,0.340336,2026-04-27T17:43:38,,,0.340336,10.997,,,,,0.102637,0.102637,89.736,train_passage,0.102637,0.102637,89.736,train_passage,2026-04-27T17:43:38,2026-04-27T22:29:24,22.49,synthetic_demo,DEMO_SENSOR_01,train_passage,1,10.997,-0.049751,-0.043206,0.968242,0.073147,0.452939,0.340336,0.102637,89.736
,11.586,0.227608,-0.03284,1.152038,,,,1.742014,11.586,,,,1.742014,2026-04-27T17:43:39,,,1.742014,11.586,,,,,0.103894,0.103894,89.611,train_passage,0.103894,0.103894,89.611,train_passage,2026-04-27T17:43:39,2026-04-27T22:41:26,22.691,synthetic_demo,DEMO_SENSOR_01,train_passage,1,11.586,0.227608,-0.03284,1.152038,0.27568,1.484226,1.742014,0.103894,89.611
,11.063,-0.170078,0.036302,1.034099,,,,1.305875,11.063,,,,1.305875,2026-04-27T17:43:40,,,1.305875,11.063,,,,,0.104817,0.104817,89.518,train_passage,0.104817,0.104817,89.518,train_passage,2026-04-27T17:43:40,2026-04-27T22:53:29,22.891,synthetic_demo,DEMO_SENSOR_01,train_passage,1,11.063,-0.170078,0.036302,1.034099,0.17722,1.148529,1.305875,0.104817,89.518
,11.169,0.00951,-0.009801,0.997985,,,,0.011917,11.169,,,,0.011917,2026-04-27T17:43:41,,,0.011917,11.169,,,,,0.104827,0.104827,89.517,rest,0.104827,0.104827,89.517,rest,2026-04-27T17:43:41,2026-04-27T23:05:32,23.092,synthetic_demo,DEMO_SENSOR_01,rest,0,11.169,0.00951,-0.009801,0.997985,0.013804,0.016879,0.011917,0.104827,89.517
,11.128,0.008045,-0.001156,0.998946,,,,0.013874,11.128,,,,0.013874,2026-04-27T17:43:42,,,0.013874,11.128,,,,,0.104837,0.104837,89.516,rest,0.104837,0.104837,89.516,rest,2026-04-27T17:43:42,2026-04-27T23:17:34,23.293,synthetic_demo,DEMO_SENSOR_01,rest,0,11.128,0.008045,-0.001156,0.998946,0.008195,0.014706,0.013874,0.104837,89.516
,10.714,-0.006466,-0.005471,1.002058,,,,0.011111,10.714,,,,0.011111,2026-04-27T17:43:43,,,0.011111,10.714,,,,,0.104847,0.104847,89.515,rest,0.104847,0.104847,89.515,rest,2026-04-27T17:43:43,2026-04-27T23:29:36,23.493,synthetic_demo,DEMO_SENSOR_01,rest,0,10.714,-0.006466,-0.005471,1.002058,0.008716,0.021228,0.011111,0.104847,89.515
,11.294,0.001853,0.002896,0.996981,,,,0.010865,11.294,,,,0.010865,2026-04-27T17:43:44,,,0.010865,11.294,,,,,0.104857,0.104857,89.514,rest,0.104857,0.104857,89.514,rest,2026-04-27T17:43:44,2026-04-27T23:41:39,23.694,synthetic_demo,DEMO_SENSOR_01,rest,0,11.294,0.001853,0.002896,0.996981,0.004576,0.014128,0.010865,0.104857,89.514
,11.406,-0.006392,-0.009383,0.989367,,,,0.019964,11.406,,,,0.019964,2026-04-27T17:43:45,,,0.019964,11.406,,,,,0.104867,0.104867,89.513,rest,0.104867,0.104867,89.513,rest,2026-04-27T17:43:45,2026-04-27T23:53:40,23.894,synthetic_demo,DEMO_SENSOR_01,rest,0,11.406,-0.006392,-0.009383,0.989367,0.015555,0.032683,0.019964,0.104867,89.513
