,16.778,-0.006834,0.006019,1.004923,,,,0.020165,16.778,,,,0.020165,2026-04-27T17:42:12,,,0.020165,16.778,,,,,0.085265,0.085265,91.474,rest,0.085265,0.085265,91.474,rest,2026-04-27T17:42:12,2026-04-27T05:13:46,5.229,synthetic_demo,DEMO_SENSOR_01,rest,0,16.778,-0.006834,0.006019,1.004923,0.010352,0.019848,0.020165,0.085265,91.474,timestamp,simulated_time,simulated_hour,source,sensor_id,event_type,train_detected,temperature_C,accel_x,accel_y,accel_z,accel_magnitude,vibration,piezo,damage,life_percent
,16.938,-0.000368,-0.007216,0.993127,,,,0.012357,16.938,,,,0.012357,2026-04-27T17:42:13,,,0.012357,16.938,,,,,0.085275,0.085275,91.473,rest,0.085275,0.085275,91.473,rest,2026-04-27T17:42:13,2026-04-27T05:25:47,5.43,synthetic_demo,DEMO_SENSOR_01,rest,0,16.938,-0.000368,-0.007216,0.993127,0.009972,0.022126,0.012357,0.085275,91.473,,,,,,,,,,,,,,,,
,17.053,-0.006714,0.017571,1.008269,,,,0.010194,17.053,,,,0.010194,2026-04-27T17:42:14,,,0.010194,17.053,,,,,0.085285,0.085285,91.472,rest,0.085285,0.085285,91.472,rest,2026-04-27T17:42:14,2026-04-27T05:38:06,5.635,synthetic_demo,DEMO_SENSOR_01,rest,0,17.053,-0.006714,0.017571,1.008269,0.020547,0.020033,0.010194,0.085285,91.472,,,,,,,,,,,,,,,,
,17.278,0.004887,0.049336,1.018703,,,,0.369093,17.278,,,,0.369093,2026-04-27T17:42:15,,,0.369093,17.278,,,,,0.085449,0.085449,91.455,train_passage,0.085449,0.085449,91.455,train_passage,2026-04-27T17:42:15,2026-04-27T05:50:06,5.835,synthetic_demo,DEMO_SENSOR_01,train_passage,1,17.278,0.004887,0.049336,1.018703,0.052988,0.311063,0.369093,0.085449,91.455,,,,,,,,,,,,,,,,
,18.274,0.311223,-0.102562,0.884042,,,,1.673456,18.274,,,,1.673456,2026-04-27T17:42:16,,,1.673456,18.274,,,,,0.08666,0.08666,91.334,train_passage,0.08666,0.08666,91.334,train_passage,2026-04-27T17:42:16,2026-04-27T06:02:08,6.036,synthetic_demo,DEMO_SENSOR_01,train_passage,1,18.274,0.311223,-0.102562,0.884042,0.347599,1.385075,1.673456,0.08666,91.334,,,,,,,,,,,,,,,,
,19.051,-0.228762,0.208207,1.007924,,,,1.565727,19.051,,,,1.565727,2026-04-27T17:42:17,,,1.565727,19.051,,,,,0.087772,0.087772,91.223,train_passage,0.087772,0.087772,91.223,train_passage,2026-04-27T17:42:17,2026-04-27T06:14:10,6.236,synthetic_demo,DEMO_SENSOR_01,train_passage,1,19.051,-0.228762,0.208207,1.007924,0.309427,1.302061,1.565727,0.087772,91.223,,,,,,,,,,,,,,,,
,18.823,-1.1e-05,-0.00022,1.008999,,,,0.02384,18.823,,,,0.02384,2026-04-27T17:42:18,,,0.02384,18.823,,,,,0.087782,0.087782,91.222,rest,0.087782,0.087782,91.222,rest,2026-04-27T17:42:18,2026-04-27T06:26:12,6.437,synthetic_demo,DEMO_SENSOR_01,rest,0,18.823,-1.1e-05,-0.00022,1.008999,0.009001,0.032685,0.02384,0.087782,91.222,,,,,,,,,,,,,,,,
,19.228,0.014997,0.007366,0.997033,,,,0.013567,19.228,,,,0.013567,2026-04-27T17:42:19,,,0.013567,19.228,,,,,0.087792,0.087792,91.221,rest,0.087792,0.087792,91.221,rest,2026-04-27T17:42:19,2026-04-27T06:38:13,6.637,synthetic_demo,DEMO_SENSOR_01,rest,0,19.228,0.014997,0.007366,0.997033,0.01697,0.03044,0.013567,0.087792,91.221,,,,,,,,,,,,,,,,
,19.26,0.003606,0.003711,1.004142,,,,0.016465,19.26,,,,0.016465,2026-04-27T17:42:20,,,0.016465,19.26,,,,,0.087802,0.087802,91.22,rest,0.087802,0.087802,91.22,rest,2026-04-27T17:42:20,2026-04-27T06:50:15,6.837,synthetic_demo,DEMO_SENSOR_01,rest,0,19.26,0.003606,0.003711,1.004142,0.006628,0.024008,0.016465,0.087802,91.22,,,,,,,,,,,,,,,,
,19.959,-0.014291,0.005802,0.996798,,,,0.01386,19.959,,,,0.01386,2026-04-27T17:42:21,,,0.01386,19.959,,,,,0.087812,0.087812,91.219,rest,0.087812,0.087812,91.219,rest,2026-04-27T17:42:21,2026-04-27T07:02:17,7.038,synthetic_demo,DEMO_SENSOR_01,rest,0,19.959,-0.014291,0.005802,0.996798,0.015753,0.022463,0.01386,0.087812,91.219,,,,,,,,,,,,,,,,
,19.683,-0.006823,-0.006935,0.999343,,,,0.021778,19.683,,,,0.021778,2026-04-27T17:42:22,,,0.021778,19.683,,,,,0.087822,0.087822,91.218,rest,0.087822,0.087822,91.218,rest,2026-04-27T17:42:22,2026-04-27T07:14:18,7.238,synthetic_demo,DEMO_SENSOR_01,rest,0,19.683,-0.006823,-0.006935,0.999343,0.009751,0.027371,0.021778,0.087822,91.218,,,,,,,,,,,,,,,,
,20.5,-0.018564,0.009212,1.002892,,,,0.012282,20.5,,,,0.012282,2026-04-27T17:42:23,,,0.012282,20.5,,,,,0.087832,0.087832,91.217,rest,0.087832,0.087832,91.217,rest,2026-04-27T17:42:23,2026-04-27T07:26:20,7.439,synthetic_demo,DEMO_SENSOR_01,rest,0,20.5,-0.018564,0.009212,1.002892,0.020925,0.023156,0.012282,0.087832,91.217,,,,,,,,,,,,,,,,
,20.888,-0.005831,-0.029004,1.074977,,,,0.395901,20.888,,,,0.395901,2026-04-27T17:42:24,,,0.395901,20.888,,,,,0.088049,0.088049,91.195,train_passage,0.088049,0.088049,91.195,train_passage,2026-04-27T17:42:24,2026-04-27T07:38:22,7.639,synthetic_demo,DEMO_SENSOR_01,train_passage,1,20.888,-0.005831,-0.029004,1.074977,0.080603,0.349332,0.395901,0.088049,91.195,,,,,,,,,,,,,,,,
,20.995,-0.001405,-0.123384,1.297878,,,,1.614396,20.995,,,,1.614396,2026-04-27T17:42:25,,,1.614396,20.995,,,,,0.089227,0.089227,91.077,train_passage,0.089227,0.089227,91.077,train_passage,2026-04-27T17:42:25,2026-04-27T07:50:32,7.842,synthetic_demo,DEMO_SENSOR_01,train_passage,1,20.995,-0.001405,-0.123384,1.297878,0.322423,1.305535,1.614396,0.089227,91.077,,,,,,,,,,,,,,,,
,21.717,0.241186,0.317123,1.439027,,,,1.811321,21.717,,,,1.811321,2026-04-27T17:42:26,,,1.811321,21.717,,,,,0.090484,0.090484,90.952,train_passage,0.090484,0.090484,90.952,train_passage,2026-04-27T17:42:26,2026-04-27T08:02:33,8.043,synthetic_demo,DEMO_SENSOR_01,train_passage,1,21.717,0.241186,0.317123,1.439027,0.592859,1.49131,1.811321,0.090484,90.952,,,,,,,,,,,,,,,,
,21.655,-0.000449,0.005164,1.000418,,,,0.012362,21.655,,,,0.012362,2026-04-27T17:42:27,,,0.012362,21.655,,,,,0.090494,0.090494,90.951,rest,0.090494,0.090494,90.951,rest,2026-04-27T17:42:27,2026-04-27T08:14:35,8.243,synthetic_demo,DEMO_SENSOR_01,rest,0,21.655,-0.000449,0.005164,1.000418,0.005201,0.02023,0.012362,0.090494,90.951,,,,,,,,,,,,,,,,
,22.043,0.005666,-0.012045,0.999633,,,,0.021659,22.043,,,,0.021659,2026-04-27T17:42:28,,,0.021659,22.043,,,,,0.090504,0.090504,90.95,rest,0.090504,0.090504,90.95,rest,2026-04-27T17:42:28,2026-04-27T08:26:36,8.443,synthetic_demo,DEMO_SENSOR_01,rest,0,22.043,0.005666,-0.012045,0.999633,0.013316,0.028026,0.021659,0.090504,90.95,,,,,,,,,,,,,,,,
,22.187,-0.009489,0.009409,1.002103,,,,0.019107,22.187,,,,0.019107,2026-04-27T17:42:29,,,0.019107,22.187,,,,,0.090514,0.090514,90.949,rest,0.090514,0.090514,90.949,rest,2026-04-27T17:42:29,2026-04-27T08:38:37,8.644,synthetic_demo,DEMO_SENSOR_01,rest,0,22.187,-0.009489,0.009409,1.002103,0.013527,0.017629,0.019107,0.090514,90.949,,,,,,,,,,,,,,,,
,22.855,-0.012846,0.014663,1.002183,,,,0.022978,22.855,,,,0.022978,2026-04-27T17:42:30,,,0.022978,22.855,,,,,0.090524,0.090524,90.948,rest,0.090524,0.090524,90.948,rest,2026-04-27T17:42:30,2026-04-27T08:50:38,8.844,synthetic_demo,DEMO_SENSOR_01,rest,0,22.855,-0.012846,0.014663,1.002183,0.019616,0.020321,0.022978,0.090524,90.948,,,,,,,,,,,,,,,,
,22.974,0.006419,0.003855,1.006271,,,,0.020457,22.974,,,,0.020457,2026-04-27T17:42:31,,,0.020457,22.974,,,,,0.090534,0.090534,90.947,rest,0.090534,0.090534,90.947,rest,2026-04-27T17:42:31,2026-04-27T09:02:40,9.044,synthetic_demo,DEMO_SENSOR_01,rest,0,22.974,0.006419,0.003855,1.006271,0.009767,0.024694,0.020457,0.090534,90.947,,,,,,,,,,,,,,,,
,22.982,0.001545,0.012309,0.997709,,,,0.025227,22.982,,,,0.025227,2026-04-27T17:42:32,,,0.025227,22.982,,,,,0.090544,0.090544,90.946,rest,0.090544,0.090544,90.946,rest,2026-04-27T17:42:32,2026-04-27T09:14:41,9.245,synthetic_demo,DEMO_SENSOR_01,rest,0,22.982,0.001545,0.012309,0.997709,0.012616,0.039799,0.025227,0.090544,90.946,,,,,,,,,,,,,,,,
,23.246,0.008463,-0.006781,0.992552,,,,0.006486,23.246,,,,0.006486,2026-04-27T17:42:33,,,0.006486,23.246,,,,,0.090554,0.090554,90.945,rest,0.090554,0.090554,90.945,rest,2026-04-27T17:42:33,2026-04-27T09:26:42,9.445,synthetic_demo,DEMO_SENSOR_01,rest,0,23.246,0.008463,-0.006781,0.992552,0.013156,0.025734,0.006486,0.090554,90.945,,,,,,,,,,,,,,,,
,23.731,-0.012093,0.003102,1.002893,,,,0.015462,23.731,,,,0.015462,2026-04-27T17:42:34,,,0.015462,23.731,,,,,0.090564,0.090564,90.944,rest,0.090564,0.090564,90.944,rest,2026-04-27T17:42:34,2026-04-27T09:38:43,9.645,synthetic_demo,DEMO_SENSOR_01,rest,0,23.731,-0.012093,0.003102,1.002893,0.012816,0.020227,0.015462,0.090564,90.944,,,,,,,,,,,,,,,,
,23.964,-0.009311,-0.004967,1.005667,,,,0.027874,23.964,,,,0.027874,2026-04-27T17:42:35,,,0.027874,23.964,,,,,0.090574,0.090574,90.943,rest,0.090574,0.090574,90.943,rest,2026-04-27T17:42:35,2026-04-27T09:50:44,9.846,synthetic_demo,DEMO_SENSOR_01,rest,0,23.964,-0.009311,-0.004967,1.005667,0.011979,0.012219,0.027874,0.090574,90.943,,,,,,,,,,,,,,,,
,24.13,-0.012253,-0.018128,1.002956,,,,0.013876,24.13,,,,0.013876,2026-04-27T17:42:36,,,0.013876,24.13,,,,,0.090584,0.090584,90.942,rest,0.090584,0.090584,90.942,rest,2026-04-27T17:42:36,2026-04-27T10:02:46,10.046,synthetic_demo,DEMO_SENSOR_01,rest,0,24.13,-0.012253,-0.018128,1.002956,0.022079,0.029885,0.013876,0.090584,90.942,,,,,,,,,,,,,,,,
,24.723,-0.073804,0.014287,0.988344,,,,0.396223,24.723,,,,0.396223,2026-04-27T17:42:37,,,0.396223,24.723,,,,,0.090798,0.090798,90.92,train_passage,0.090798,0.090798,90.92,train_passage,2026-04-27T17:42:37,2026-04-27T10:14:48,10.247,synthetic_demo,DEMO_SENSOR_01,train_passage,1,24.723,-0.073804,0.014287,0.988344,0.076072,0.338755,0.396223,0.090798,90.92,,,,,,,,,,,,,,,,
,24.376,0.116184,-0.28258,1.46158,,,,1.601707,24.376,,,,1.601707,2026-04-27T17:42:38,,,1.601707,24.376,,,,,0.091859,0.091859,90.814,train_passage,0.091859,0.091859,90.814,train_passage,2026-04-27T17:42:38,2026-04-27T10:26:53,10.448,synthetic_demo,DEMO_SENSOR_01,train_passage,1,24.376,0.116184,-0.28258,1.46158,0.55354,1.209775,1.601707,0.091859,90.814,,,,,,,,,,,,,,,,
,24.509,0.121272,-0.128048,0.758776,,,,1.475633,24.509,,,,1.475633,2026-04-27T17:42:39,,,1.475633,24.509,,,,,0.092868,0.092868,90.713,train_passage,0.092868,0.092868,90.713,train_passage,2026-04-27T17:42:39,2026-04-27T10:38:55,10.649,synthetic_demo,DEMO_SENSOR_01,train_passage,1,24.509,0.121272,-0.128048,0.758776,0.298818,1.210214,1.475633,0.092868,90.713,,,,,,,,,,,,,,,,
,24.913,-0.003259,0.004878,1.002454,,,,0.018878,24.913,,,,0.018878,2026-04-27T17:42:40,,,0.018878,24.913,,,,,0.092878,0.092878,90.712,rest,0.092878,0.092878,90.712,rest,2026-04-27T17:42:40,2026-04-27T10:50:56,10.849,synthetic_demo,DEMO_SENSOR_01,rest,0,24.913,-0.003259,0.004878,1.002454,0.006359,0.029285,0.018878,0.092878,90.712,,,,,,,,,,,,,,,,
,24.857,-0.014129,0.003678,0.995445,,,,0.027826,24.857,,,,0.027826,2026-04-27T17:42:41,,,0.027826,24.857,,,,,0.092888,0.092888,90.711,rest,0.092888,0.092888,90.711,rest,2026-04-27T17:42:41,2026-04-27T11:02:58,11.049,synthetic_demo,DEMO_SENSOR_01,rest,0,24.857,-0.014129,0.003678,0.995445,0.015294,0.022094,0.027826,0.092888,90.711,,,,,,,,,,,,,,,,
,25.034,-0.007235,-0.0015,1.001129,,,,0.027081,25.034,,,,0.027081,2026-04-27T17:42:42,,,0.027081,25.034,,,,,0.092898,0.092898,90.71,rest,0.092898,0.092898,90.71,rest,2026-04-27T17:42:42,2026-04-27T11:14:59,11.25,synthetic_demo,DEMO_SENSOR_01,rest,0,25.034,-0.007235,-0.0015,1.001129,0.007474,0.007047,0.027081,0.092898,90.71,,,,,,,,,,,,,,,,
,24.667,0.011498,0.002841,1.008588,,,,0.019022,24.667,,,,0.019022,2026-04-27T17:42:43,,,0.019022,24.667,,,,,0.092908,0.092908,90.709,rest,0.092908,0.092908,90.709,rest,2026-04-27T17:42:43,2026-04-27T11:27:00,11.45,synthetic_demo,DEMO_SENSOR_01,rest,0,24.667,0.011498,0.002841,1.008588,0.01463,0.02293,0.019022,0.092908,90.709,,,,,,,,,,,,,,,,
,25.189,-0.000249,4.2e-05,0.994987,,,,0.017584,25.189,,,,0.017584,2026-04-27T17:42:44,,,0.017584,25.189,,,,,0.092918,0.092918,90.708,rest,0.092918,0.092918,90.708,rest,2026-04-27T17:42:44,2026-04-27T11:39:16,11.654,synthetic_demo,DEMO_SENSOR_01,rest,0,25.189,-0.000249,4.2e-05,0.994987,0.00502,0.016053,0.017584,0.092918,90.708,,,,,,,,,,,,,,,,
,24.877,-0.000655,-0.008666,0.99435,,,,0.012062,24.877,,,,0.012062,2026-04-27T17:42:45,,,0.012062,24.877,,,,,0.092928,0.092928,90.707,rest,0.092928,0.092928,90.707,rest,2026-04-27T17:42:45,2026-04-27T11:51:18,11.855,synthetic_demo,DEMO_SENSOR_01,rest,0,24.877,-0.000655,-0.008666,0.99435,0.010366,0.026016,0.012062,0.092928,90.707,,,,,,,,,,,,,,,,
,25.009,-0.00228,0.01148,0.999535,,,,0.016265,25.009,,,,0.016265,2026-04-27T17:42:46,,,0.016265,25.009,,,,,0.092938,0.092938,90.706,rest,0.092938,0.092938,90.706,rest,2026-04-27T17:42:46,2026-04-27T12:03:19,12.055,synthetic_demo,DEMO_SENSOR_01,rest,0,25.009,-0.00228,0.01148,0.999535,0.011713,0.020487,0.016265,0.092938,90.706,,,,,,,,,,,,,,,,
,24.769,-0.004021,-0.003882,0.997844,,,,0.006408,24.769,,,,0.006408,2026-04-27T17:42:47,,,0.006408,24.769,,,,,0.092948,0.092948,90.705,rest,0.092948,0.092948,90.705,rest,2026-04-27T17:42:47,2026-04-27T12:15:21,12.256,synthetic_demo,DEMO_SENSOR_01,rest,0,24.769,-0.004021,-0.003882,0.997844,0.005991,0.019891,0.006408,0.092948,90.705,,,,,,,,,,,,,,,,
,25.3,0.003203,-0.003301,1.004192,,,,0.000341,25.3,,,,0.000341,2026-04-27T17:42:48,,,0.000341,25.3,,,,,0.092958,0.092958,90.704,rest,0.092958,0.092958,90.704,rest,2026-04-27T17:42:48,2026-04-27T12:27:22,12.456,synthetic_demo,DEMO_SENSOR_01,rest,0,25.3,0.003203,-0.003301,1.004192,0.006223,0.026394,0.000341,0.092958,90.704,,,,,,,,,,,,,,,,
,24.717,-0.000725,0.010231,0.994756,,,,0.029458,24.717,,,,0.029458,2026-04-27T17:42:49,,,0.029458,24.717,,,,,0.092968,0.092968,90.703,rest,0.092968,0.092968,90.703,rest,2026-04-27T17:42:49,2026-04-27T12:39:23,12.656,synthetic_demo,DEMO_SENSOR_01,rest,0,24.717,-0.000725,0.010231,0.994756,0.01152,0.018334,0.029458,0.092968,90.703,,,,,,,,,,,,,,,,
,24.45,0.000432,-0.004594,1.000874,,,,0.027285,24.45,,,,0.027285,2026-04-27T17:42:50,,,0.027285,24.45,,,,,0.092978,0.092978,90.702,rest,0.092978,0.092978,90.702,rest,2026-04-27T17:42:50,2026-04-27T12:51:24,12.857,synthetic_demo,DEMO_SENSOR_01,rest,0,24.45,0.000432,-0.004594,1.000874,0.004696,0.032414,0.027285,0.092978,90.702,,,,,,,,,,,,,,,,
,24.323,0.095635,0.042382,1.019087,,,,0.495606,24.323,,,,0.495606,2026-04-27T17:42:51,,,0.495606,24.323,,,,,0.093193,0.093193,90.681,train_passage,0.093193,0.093193,90.681,train_passage,2026-04-27T17:42:51,2026-04-27T13:03:25,13.057,synthetic_demo,DEMO_SENSOR_01,train_passage,1,24.323,0.095635,0.042382,1.019087,0.106333,0.384842,0.495606,0.093193,90.681,,,,,,,,,,,,,,,,
,24.766,-0.158127,-0.149706,1.283541,,,,1.454463,24.766,,,,1.454463,2026-04-27T17:42:52,,,1.454463,24.766,,,,,0.094242,0.094242,90.576,train_passage,0.094242,0.094242,90.576,train_passage,2026-04-27T17:42:52,2026-04-27T13:15:27,13.258,synthetic_demo,DEMO_SENSOR_01,train_passage,1,24.766,-0.158127,-0.149706,1.283541,0.357507,1.271425,1.454463,0.094242,90.576,,,,,,,,,,,,,,,,
,24.473,0.050643,0.00906,1.427036,,,,1.372456,24.473,,,,1.372456,2026-04-27T17:42:53,,,1.372456,24.473,,,,,0.095172,0.095172,90.483,train_passage,0.095172,0.095172,90.483,train_passage,2026-04-27T17:42:53,2026-04-27T13:27:30,13.458,synthetic_demo,DEMO_SENSOR_01,train_passage,1,24.473,0.050643,0.00906,1.427036,0.430123,1.137059,1.372456,0.095172,90.483,,,,,,,,,,,,,,,,
,24.378,0.00455,0.013446,0.998162,,,,0.007847,24.378,,,,0.007847,2026-04-27T17:42:54,,,0.007847,24.378,,,,,0.095182,0.095182,90.482,rest,0.095182,0.095182,90.482,rest,2026-04-27T17:42:54,2026-04-27T13:39:31,13.659,synthetic_demo,DEMO_SENSOR_01,rest,0,24.378,0.00455,0.013446,0.998162,0.014313,0.022887,0.007847,0.095182,90.482,,,,,,,,,,,,,,,,
,24.469,-0.013021,0.007714,1.006375,,,,0.01387,24.469,,,,0.01387,2026-04-27T17:42:55,,,0.01387,24.469,,,,,0.095192,0.095192,90.481,rest,0.095192,0.095192,90.481,rest,2026-04-27T17:42:55,2026-04-27T13:51:33,13.859,synthetic_demo,DEMO_SENSOR_01,rest,0,24.469,-0.013021,0.007714,1.006375,0.016423,0.024491,0.01387,0.095192,90.481,,,,,,,,,,,,,,,,
,24.055,-0.00999,0.009736,0.997366,,,,0.010873,24.055,,,,0.010873,2026-04-27T17:42:56,,,0.010873,24.055,,,,,0.095202,0.095202,90.48,rest,0.095202,0.095202,90.48,rest,2026-04-27T17:42:56,2026-04-27T14:03:35,14.06,synthetic_demo,DEMO_SENSOR_01,rest,0,24.055,-0.00999,0.009736,0.997366,0.014196,0.023589,0.010873,0.095202,90.48,,,,,,,,,,,,,,,,
,23.884,-0.000394,0.015686,1.012422,,,,0.018279,23.884,,,,0.018279,2026-04-27T17:42:57,,,0.018279,23.884,,,,,0.095212,0.095212,90.479,rest,0.095212,0.095212,90.479,rest,2026-04-27T17:42:57,2026-04-27T14:15:37,14.26,synthetic_demo,DEMO_SENSOR_01,rest,0,23.884,-0.000394,0.015686,1.012422,0.020013,0.005082,0.018279,0.095212,90.479,,,,,,,,,,,,,,,,
,23.458,-0.015907,0.009699,1.001678,,,,0.009952,23.458,,,,0.009952,2026-04-27T17:42:58,,,0.009952,23.458,,,,,0.095222,0.095222,90.478,rest,0.095222,0.095222,90.478,rest,2026-04-27T17:42:58,2026-04-27T14:27:39,14.461,synthetic_demo,DEMO_SENSOR_01,rest,0,23.458,-0.015907,0.009699,1.001678,0.018706,0.03604,0.009952,0.095222,90.478,,,,,,,,,,,,,,,,
,23.148,-0.007352,9e-05,1.000108,,,,0.013752,23.148,,,,0.013752,2026-04-27T17:42:59,,,0.013752,23.148,,,,,0.095232,0.095232,90.477,rest,0.095232,0.095232,90.477,rest,2026-04-27T17:42:59,2026-04-27T14:39:40,14.661,synthetic_demo,DEMO_SENSOR_01,rest,0,23.148,-0.007352,9e-05,1.000108,0.007354,0.034114,0.013752,0.095232,90.477,,,,,,,,,,,,,,,,
,23.318,0.004576,0.000172,0.998444,,,,0.02156,23.318,,,,0.02156,2026-04-27T17:43:00,,,0.02156,23.318,,,,,0.095242,0.095242,90.476,rest,0.095242,0.095242,90.476,rest,2026-04-27T17:43:00,2026-04-27T14:51:42,14.862,synthetic_demo,DEMO_SENSOR_01,rest,0,23.318,0.004576,0.000172,0.998444,0.004836,0.024713,0.02156,0.095242,90.476,,,,,,,,,,,,,,,,
,22.779,0.00509,-0.007501,1.002876,,,,0.009658,22.779,,,,0.009658,2026-04-27T17:43:01,,,0.009658,22.779,,,,,0.095252,0.095252,90.475,rest,0.095252,0.095252,90.475,rest,2026-04-27T17:43:01,2026-04-27T15:03:43,15.062,synthetic_demo,DEMO_SENSOR_01,rest,0,22.779,0.00509,-0.007501,1.002876,0.00951,0.023786,0.009658,0.095252,90.475,,,,,,,,,,,,,,,,
,22.891,-0.012128,0.00064,1.002251,,,,0.01084,22.891,,,,0.01084,2026-04-27T17:43:02,,,0.01084,22.891,,,,,0.095262,0.095262,90.474,rest,0.095262,0.095262,90.474,rest,2026-04-27T17:43:02,2026-04-27T15:15:44,15.262,synthetic_demo,DEMO_SENSOR_01,rest,0,22.891,-0.012128,0.00064,1.002251,0.012352,0.018791,0.01084,0.095262,90.474,,,,,,,,,,,,,,,,
,22.04,0.011809,0.01361,1.001087,,,,0.014859,22.04,,,,0.014859,2026-04-27T17:43:03,,,0.014859,22.04,,,,,0.095272,0.095272,90.473,rest,0.095272,0.095272,90.473,rest,2026-04-27T17:43:03,2026-04-27T15:27:45,15.462,synthetic_demo,DEMO_SENSOR_01,rest,0,22.04,0.011809,0.01361,1.001087,0.018052,0.022533,0.014859,0.095272,90.473,,,,,,,,,,,,,,,,
,22.208,0.069824,-0.006681,1.038593,,,,0.365474,22.208,,,,0.365474,2026-04-27T17:43:04,,,0.365474,22.208,,,,,0.095469,0.095469,90.453,train_passage,0.095469,0.095469,90.453,train_passage,2026-04-27T17:43:04,2026-04-27T15:39:46,15.663,synthetic_demo,DEMO_SENSOR_01,train_passage,1,22.208,0.069824,-0.006681,1.038593,0.080059,0.442661,0.365474,0.095469,90.453,,,,,,,,,,,,,,,,
,21.858,-0.196382,0.031633,1.235709,,,,1.543454,21.858,,,,1.543454,2026-04-27T17:43:05,,,1.543454,21.858,,,,,0.096545,0.096545,90.345,train_passage,0.096545,0.096545,90.345,train_passage,2026-04-27T17:43:05,2026-04-27T15:51:48,15.863,synthetic_demo,DEMO_SENSOR_01,train_passage,1,21.858,-0.196382,0.031633,1.235709,0.308424,1.29406,1.543454,0.096545,90.345,,,,,,,,,,,,,,,,
,21.52,0.281556,0.146492,0.558377,,,,1.647417,21.52,,,,1.647417,2026-04-27T17:43:06,,,1.647417,21.52,,,,,0.097608,0.097608,90.239,train_passage,0.097608,0.097608,90.239,train_passage,2026-04-27T17:43:06,2026-04-27T16:03:50,16.064,synthetic_demo,DEMO_SENSOR_01,train_passage,1,21.52,0.281556,0.146492,0.558377,0.543842,1.213403,1.647417,0.097608,90.239,,,,,,,,,,,,,,,,
,21.203,0.003108,-0.00738,1.008829,,,,0.017083,21.203,,,,0.017083,2026-04-27T17:43:07,,,0.017083,21.203,,,,,0.097618,0.097618,90.238,rest,0.097618,0.097618,90.238,rest,2026-04-27T17:43:07,2026-04-27T16:15:51,16.264,synthetic_demo,DEMO_SENSOR_01,rest,0,21.203,0.003108,-0.00738,1.008829,0.01192,0.035738,0.017083,0.097618,90.238,,,,,,,,,,,,,,,,
,20.661,-0.004136,0.01042,1.001335,,,,0.020529,20.661,,,,0.020529,2026-04-27T17:43:08,,,0.020529,20.661,,,,,0.097628,0.097628,90.237,rest,0.097628,0.097628,90.237,rest,2026-04-27T17:43:08,2026-04-27T16:27:52,16.464,synthetic_demo,DEMO_SENSOR_01,rest,0,20.661,-0.004136,0.01042,1.001335,0.01129,0.014071,0.020529,0.097628,90.237,,,,,,,,,,,,,,,,
,20.564,0.000707,0.004454,1.004911,,,,0.012583,20.564,,,,0.012583,2026-04-27T17:43:09,,,0.012583,20.564,,,,,0.097638,0.097638,90.236,rest,0.097638,0.097638,90.236,rest,2026-04-27T17:43:09,2026-04-27T16:39:53,16.665,synthetic_demo,DEMO_SENSOR_01,rest,0,20.564,0.000707,0.004454,1.004911,0.006668,0.017022,0.012583,0.097638,90.236,,,,,,,,,,,,,,,,
,19.862,0.002059,0.009716,0.995404,,,,0.017291,19.862,,,,0.017291,2026-04-27T17:43:10,,,0.017291,19.862,,,,,0.097648,0.097648,90.235,rest,0.097648,0.097648,90.235,rest,2026-04-27T17:43:10,2026-04-27T16:51:54,16.865,synthetic_demo,DEMO_SENSOR_01,rest,0,19.862,0.002059,0.009716,0.995404,0.010944,0.019881,0.017291,0.097648,90.235,,,,,,,,,,,,,,,,
,19.309,0.002408,0.002554,0.993274,,,,0.027586,19.309,,,,0.027586,2026-04-27T17:43:11,,,0.027586,19.309,,,,,0.097658,0.097658,90.234,rest,0.097658,0.097658,90.234,rest,2026-04-27T17:43:11,2026-04-27T17:03:55,17.065,synthetic_demo,DEMO_SENSOR_01,rest,0,19.309,0.002408,0.002554,0.993274,0.007587,0.038161,0.027586,0.097658,90.234,,,,,,,,,,,,,,,,
,19.132,-0.005508,-0.000713,1.006979,,,,0.023131,19.132,,,,0.023131,2026-04-27T17:43:12,,,0.023131,19.132,,,,,0.097668,0.097668,90.233,rest,0.097668,0.097668,90.233,rest,2026-04-27T17:43:12,2026-04-27T17:15:56,17.266,synthetic_demo,DEMO_SENSOR_01,rest,0,19.132,-0.005508,-0.000713,1.006979,0.008919,0.020299,0.023131,0.097668,90.233,,,,,,,,,,,,,,,,
,18.477,-0.005676,0.000616,0.954663,,,,0.420323,18.477,,,,0.420323,2026-04-27T17:43:13,,,0.420323,18.477,,,,,0.097878,0.097878,90.212,train_passage,0.097878,0.097878,90.212,train_passage,2026-04-27T17:43:13,2026-04-27T17:27:58,17.466,synthetic_demo,DEMO_SENSOR_01,train_passage,1,18.477,-0.005676,0.000616,0.954663,0.045695,0.361661,0.420323,0.097878,90.212,,,,,,,,,,,,,,,,
,18.686,-0.096478,-0.261779,0.725709,,,,1.65705,18.686,,,,1.65705,2026-04-27T17:43:14,,,1.65705,18.686,,,,,0.099078,0.099078,90.092,train_passage,0.099078,0.099078,90.092,train_passage,2026-04-27T17:43:14,2026-04-27T17:39:59,17.666,synthetic_demo,DEMO_SENSOR_01,train_passage,1,18.686,-0.096478,-0.261779,0.725709,0.391244,1.420395,1.65705,0.099078,90.092,,,,,,,,,,,,,,,,
,18.518,0.3277,0.021139,0.806149,,,,1.450436,18.518,,,,1.450436,2026-04-27T17:43:15,,,1.450436,18.518,,,,,0.100145,0.100145,89.985,train_passage,0.100145,0.100145,89.985,train_passage,2026-04-27T17:43:15,2026-04-27T17:52:00,17.867,synthetic_demo,DEMO_SENSOR_01,train_passage,1,18.518,0.3277,0.021139,0.806149,0.38133,1.227244,1.450436,0.100145,89.985,,,,,,,,,,,,,,,,
,18.198,0.000724,-0.007622,0.996433,,,,0.023217,18.198,,,,0.023217,2026-04-27T17:43:16,,,0.023217,18.198,,,,,0.100155,0.100155,89.984,rest,0.100155,0.100155,89.984,rest,2026-04-27T17:43:16,2026-04-27T18:04:02,18.067,synthetic_demo,DEMO_SENSOR_01,rest,0,18.198,0.000724,-0.007622,0.996433,0.008447,0.011249,0.023217,0.100155,89.984,,,,,,,,,,,,,,,,
,17.271,-0.012115,-0.000984,0.996398,,,,0.031247,17.271,,,,0.031247,2026-04-27T17:43:17,,,0.031247,17.271,,,,,0.100165,0.100165,89.983,rest,0.100165,0.100165,89.983,rest,2026-04-27T17:43:17,2026-04-27T18:16:03,18.267,synthetic_demo,DEMO_SENSOR_01,rest,0,17.271,-0.012115,-0.000984,0.996398,0.012677,0.017467,0.031247,0.100165,89.983,,,,,,,,,,,,,,,,
,16.757,-0.011599,0.01413,1.005116,,,,0.020454,16.757,,,,0.020454,2026-04-27T17:43:18,,,0.020454,16.757,,,,,0.100175,0.100175,89.982,rest,0.100175,0.100175,89.982,rest,2026-04-27T17:43:18,2026-04-27T18:28:16,18.471,synthetic_demo,DEMO_SENSOR_01,rest,0,16.757,-0.011599,0.01413,1.005116,0.018983,0.02543,0.020454,0.100175,89.982,,,,,,,,,,,,,,,,
,16.922,-0.011229,-0.004028,1.004329,,,,0.027674,16.922,,,,0.027674,2026-04-27T17:43:19,,,0.027674,16.922,,,,,0.100185,0.100185,89.981,rest,0.100185,0.100185,89.981,rest,2026-04-27T17:43:19,2026-04-27T18:40:17,18.671,synthetic_demo,DEMO_SENSOR_01,rest,0,16.922,-0.011229,-0.004028,1.004329,0.012691,0.032271,0.027674,0.100185,89.981,,,,,,,,,,,,,,,,
,16.503,-0.004418,-0.006645,1.002337,,,,0.01482,16.503,,,,0.01482,2026-04-27T17:43:20,,,0.01482,16.503,,,,,0.100195,0.100195,89.98,rest,0.100195,0.100195,89.98,rest,2026-04-27T17:43:20,2026-04-27T18:52:18,18.872,synthetic_demo,DEMO_SENSOR_01,rest,0,16.503,-0.004418,-0.006645,1.002337,0.008315,0.024414,0.01482,0.100195,89.98,,,,,,,,,,,,,,,,
,16.29,0.007159,0.012527,0.994484,,,,0.011227,16.29,,,,0.011227,2026-04-27T17:43:21,,,0.011227,16.29,,,,,0.100205,0.100205,89.979,rest,0.100205,0.100205,89.979,rest,2026-04-27T17:43:21,2026-04-27T19:04:28,19.074,synthetic_demo,DEMO_SENSOR_01,rest,0,16.29,0.007159,0.012527,0.994484,0.015446,0.016121,0.011227,0.100205,89.979,,,,,,,,,,,,,,,,
,15.166,-0.000911,0.014644,0.995582,,,,0.027492,15.166,,,,0.027492,2026-04-27T17:43:22,,,0.027492,15.166,,,,,0.100215,0.100215,89.978,rest,0.100215,0.100215,89.978,rest,2026-04-27T17:43:22,2026-04-27T19:16:29,19.275,synthetic_demo,DEMO_SENSOR_01,rest,0,15.166,-0.000911,0.014644,0.995582,0.015323,0.01674,0.027492,0.100215,89.978,,,,,,,,,,,,,,,,
,15.61,0.00527,-0.002303,1.002906,,,,0.020239,15.61,,,,0.020239,2026-04-27T17:43:23,,,0.020239,15.61,,,,,0.100225,0.100225,89.977,rest,0.100225,0.100225,89.977,rest,2026-04-27T17:43:23,2026-04-27T19:28:30,19.475,synthetic_demo,DEMO_SENSOR_01,rest,0,15.61,0.00527,-0.002303,1.002906,0.006443,0.025666,0.020239,0.100225,89.977,,,,,,,,,,,,,,,,
,14.988,-0.006394,0.012662,0.999329,,,,0.014689,14.988,,,,0.014689,2026-04-27T17:43:24,,,0.014689,14.988,,,,,0.100235,0.100235,89.976,rest,0.100235,0.100235,89.976,rest,2026-04-27T17:43:24,2026-04-27T19:40:32,19.676,synthetic_demo,DEMO_SENSOR_01,rest,0,14.988,-0.006394,0.012662,0.999329,0.014201,0.017043,0.014689,0.100235,89.976,,,,,,,,,,,,,,,,
,14.565,-0.007475,0.002973,1.007364,,,,0.01512,14.565,,,,0.01512,2026-04-27T17:43:25,,,0.01512,14.565,,,,,0.100245,0.100245,89.975,rest,0.100245,0.100245,89.975,rest,2026-04-27T17:43:25,2026-04-27T19:52:33,19.876,synthetic_demo,DEMO_SENSOR_01,rest,0,14.565,-0.007475,0.002973,1.007364,0.010906,0.027738,0.01512,0.100245,89.975,,,,,,,,,,,,,,,,
,14.658,0.027377,0.048073,1.073538,,,,0.284585,14.658,,,,0.284585,2026-04-27T17:43:26,,,0.284585,14.658,,,,,0.100434,0.100434,89.957,train_passage,0.100434,0.100434,89.957,train_passage,2026-04-27T17:43:26,2026-04-27T20:04:34,20.076,synthetic_demo,DEMO_SENSOR_01,train_passage,1,14.658,0.027377,0.048073,1.073538,0.092024,0.30164,0.284585,0.100434,89.957,,,,,,,,,,,,,,,,
,13.832,-0.079483,-0.088908,0.622054,,,,1.314414,13.832,,,,1.314414,2026-04-27T17:43:27,,,1.314414,13.832,,,,,0.101347,0.101347,89.865,train_passage,0.101347,0.101347,89.865,train_passage,2026-04-27T17:43:27,2026-04-27T20:16:35,20.276,synthetic_demo,DEMO_SENSOR_01,train_passage,1,13.832,-0.079483,-0.088908,0.622054,0.396315,1.152979,1.314414,0.101347,89.865,,,,,,,,,,,,,,,,
,13.769,-0.160095,-0.145501,0.77866,,,,1.428464,13.769,,,,1.428464,2026-04-27T17:43:28,,,1.428464,13.769,,,,,0.102367,0.102367,89.763,train_passage,0.102367,0.102367,89.763,train_passage,2026-04-27T17:43:28,2026-04-27T20:28:40,20.478,synthetic_demo,DEMO_SENSOR_01,train_passage,1,13.769,-0.160095,-0.145501,0.77866,0.309504,1.191337,1.428464,0.102367,89.763,,,,,,,,,,,,,,,,
,13.653,0.012311,0.00184,1.001592,,,,0.031206,13.653,,,,0.031206,2026-04-27T17:43:29,,,0.031206,13.653,,,,,0.102377,0.102377,89.762,rest,0.102377,0.102377,89.762,rest,2026-04-27T17:43:29,2026-04-27T20:40:41,20.678,synthetic_demo,DEMO_SENSOR_01,rest,0,13.653,0.012311,0.00184,1.001592,0.012549,0.028584,0.031206,0.102377,89.762,,,,,,,,,,,,,,,,
,13.321,0.00704,-0.006672,0.998774,,,,0.019917,13.321,,,,0.019917,2026-04-27T17:43:30,,,0.019917,13.321,,,,,0.102387,0.102387,89.761,rest,0.102387,0.102387,89.761,rest,2026-04-27T17:43:30,2026-04-27T20:52:43,20.879,synthetic_demo,DEMO_SENSOR_01,rest,0,13.321,0.00704,-0.006672,0.998774,0.009777,0.03648,0.019917,0.102387,89.761,,,,,,,,,,,,,,,,
,12.815,0.008147,0.01063,1.001533,,,,0.028668,12.815,,,,0.028668,2026-04-27T17:43:31,,,0.028668,12.815,,,,,0.102397,0.102397,89.76,rest,0.102397,0.102397,89.76,rest,2026-04-27T17:43:31,2026-04-27T21:04:44,21.079,synthetic_demo,DEMO_SENSOR_01,rest,0,12.815,0.008147,0.01063,1.001533,0.01348,0.018696,0.028668,0.102397,89.76,,,,,,,,,,,,,,,,
,12.868,-0.006528,-0.011683,1.011009,,,,0.021324,12.868,,,,0.021324,2026-04-27T17:43:32,,,0.021324,12.868,,,,,0.102407,0.102407,89.759,rest,0.102407,0.102407,89.759,rest,2026-04-27T17:43:32,2026-04-27T21:16:46,21.279,synthetic_demo,DEMO_SENSOR_01,rest,0,12.868,-0.006528,-0.011683,1.011009,0.017329,0.025352,0.021324,0.102407,89.759,,,,,,,,,,,,,,,,
,12.144,0.003972,-0.00475,0.994774,,,,0.018525,12.144,,,,0.018525,2026-04-27T17:43:33,,,0.018525,12.144,,,,,0.102417,0.102417,89.758,rest,0.102417,0.102417,89.758,rest,2026-04-27T17:43:33,2026-04-27T21:28:47,21.48,synthetic_demo,DEMO_SENSOR_01,rest,0,12.144,0.003972,-0.00475,0.994774,0.008103,0.03231,0.018525,0.102417,89.758,,,,,,,,,,,,,,,,
,12.837,0.008225,0.015076,0.993203,,,,0.037547,12.837,,,,0.037547,2026-04-27T17:43:34,,,0.037547,12.837,,,,,0.102427,0.102427,89.757,rest,0.102427,0.102427,89.757,rest,2026-04-27T17:43:34,2026-04-27T21:40:51,21.681,synthetic_demo,DEMO_SENSOR_01,rest,0,12.837,0.008225,0.015076,0.993203,0.018469,0.033588,0.037547,0.102427,89.757,,,,,,,,,,,,,,,,
,11.886,-0.010526,-0.003982,0.999843,,,,0.01415,11.886,,,,0.01415,2026-04-27T17:43:35,,,0.01415,11.886,,,,,0.102437,0.102437,89.756,rest,0.102437,0.102437,89.756,rest,2026-04-27T17:43:35,2026-04-27T21:52:53,21.881,synthetic_demo,DEMO_SENSOR_01,rest,0,11.886,-0.010526,-0.003982,0.999843,0.011255,0.041562,0.01415,0.102437,89.756,,,,,,,,,,,,,,,,
,12.323,-0.011836,0.008587,1.00335,,,,0.015563,12.323,,,,0.015563,2026-04-27T17:43:36,,,0.015563,12.323,,,,,0.102447,0.102447,89.755,rest,0.102447,0.102447,89.755,rest,2026-04-27T17:43:36,2026-04-27T22:04:55,22.082,synthetic_demo,DEMO_SENSOR_01,rest,0,12.323,-0.011836,0.008587,1.00335,0.015002,0.038186,0.015563,0.102447,89.755,,,,,,,,,,,,,,,,
,11.785,-0.005929,0.008079,0.996026,,,,0.006473,11.785,,,,0.006473,2026-04-27T17:43:37,,,0.006473,11.785,,,,,0.102457,0.102457,89.754,rest,0.102457,0.102457,89.754,rest,2026-04-27T17:43:37,2026-04-27T22:17:21,22.289,synthetic_demo,DEMO_SENSOR_01,rest,0,11.785,-0.005929,0.008079,0.996026,0.01078,0.019603,0.006473,0.102457,89.754,,,,,,,,,,,,,,,,
,10.997,-0.049751,-0.043206,0.968242,,,,0.340336,10.997,,,,0.340336,2026-04-27T17:43:38,,,0.340336,10.997,,,,,0.102637,0.102637,89.736,train_passage,0.102637,0.102637,89.736,train_passage,2026-04-27T17:43:38,2026-04-27T22:29:24,22.49,synthetic_demo,DEMO_SENSOR_01,train_passage,1,10.997,-0.049751,-0.043206,0.968242,0.073147,0.452939,0.340336,0.102637,89.736,,,,,,,,,,,,,,,,
,11.586,0.227608,-0.03284,1.152038,,,,1.742014,11.586,,,,1.742014,2026-04-27T17:43:39,,,1.742014,11.586,,,,,0.103894,0.103894,89.611,train_passage,0.103894,0.103894,89.611,train_passage,2026-04-27T17:43:39,2026-04-27T22:41:26,22.691,synthetic_demo,DEMO_SENSOR_01,train_passage,1,11.586,0.227608,-0.03284,1.152038,0.27568,1.484226,1.742014,0.103894,89.611,,,,,,,,,,,,,,,,
,11.063,-0.170078,0.036302,1.034099,,,,1.305875,11.063,,,,1.305875,2026-04-27T17:43:40,,,1.305875,11.063,,,,,0.104817,0.104817,89.518,train_passage,0.104817,0.104817,89.518,train_passage,2026-04-27T17:43:40,2026-04-27T22:53:29,22.891,synthetic_demo,DEMO_SENSOR_01,train_passage,1,11.063,-0.170078,0.036302,1.034099,0.17722,1.148529,1.305875,0.104817,89.518,,,,,,,,,,,,,,,,
,11.169,0.00951,-0.009801,0.997985,,,,0.011917,11.169,,,,0.011917,2026-04-27T17:43:41,,,0.011917,11.169,,,,,0.104827,0.104827,89.517,rest,0.104827,0.104827,89.517,rest,2026-04-27T17:43:41,2026-04-27T23:05:32,23.092,synthetic_demo,DEMO_SENSOR_01,rest,0,11.169,0.00951,-0.009801,0.997985,0.013804,0.016879,0.011917,0.104827,89.517,,,,,,,,,,,,,,,,
,11.128,0.008045,-0.001156,0.998946,,,,0.013874,11.128,,,,0.013874,2026-04-27T17:43:42,,,0.013874,11.128,,,,,0.104837,0.104837,89.516,rest,0.104837,0.104837,89.516,rest,2026-04-27T17:43:42,2026-04-27T23:17:34,23.293,synthetic_demo,DEMO_SENSOR_01,rest,0,11.128,0.008045,-0.001156,0.998946,0.008195,0.014706,0.013874,0.104837,89.516,,,,,,,,,,,,,,,,
,10.714,-0.006466,-0.005471,1.002058,,,,0.011111,10.714,,,,0.011111,2026-04-27T17:43:43,,,0.011111,10.714,,,,,0.104847,0.104847,89.515,rest,0.104847,0.104847,89.515,rest,2026-04-27T17:43:43,2026-04-27T23:29:36,23.493,synthetic_demo,DEMO_SENSOR_01,rest,0,10.714,-0.006466,-0.005471,1.002058,0.008716,0.021228,0.011111,0.104847,89.515,,,,,,,,,,,,,,,,
,11.294,0.001853,0.002896,0.996981,,,,0.010865,11.294,,,,0.010865,2026-04-27T17:43:44,,,0.010865,11.294,,,,,0.104857,0.104857,89.514,rest,0.104857,0.104857,89.514,rest,2026-04-27T17:43:44,2026-04-27T23:41:39,23.694,synthetic_demo,DEMO_SENSOR_01,rest,0,11.294,0.001853,0.002896,0.996981,0.004576,0.014128,0.010865,0.104857,89.514,,,,,,,,,,,,,,,,
,11.406,-0.006392,-0.009383,0.989367,,,,0.019964,11.406,,,,0.019964,2026-04-27T17:43:45,,,0.019964,11.406,,,,,0.104867,0.104867,89.513,rest,0.104867,0.104867,89.513,rest,2026-04-27T17:43:45,2026-04-27T23:53:40,23.894,synthetic_demo,DEMO_SENSOR_01,rest,0,11.406,-0.006392,-0.009383,0.989367,0.015555,0.032683,0.019964,0.104867,89.513,,,,,,,,,,,,,,,,
,,,,,,,,,,,,,,,,,,,,,,,,,,,,,,,,,,,,,,,,,,,,,,,2026-04-27T17:47:10,2026-04-27T00:00:00,0.0,synthetic_demo,DEMO_SENSOR_01,rest,0,11.221,0.016688,-0.009724,1.001795,0.019397,0.03157,0.018698,0.08001,91.999
,,,,,,,,,,,,,,,,,,,,,,,,,,,,,,,,,,,,,,,,,,,,,,,2026-04-27T17:47:11,2026-04-27T00:12:00,0.2,synthetic_demo,DEMO_SENSOR_01,rest,0,11.065,0.006899,-0.003944,1.004485,0.009125,0.027779,0.013549,0.08002,91.998
,,,,,,,,,,,,,,,,,,,,,,,,,,,,,,,,,,,,,,,,,,,,,,,2026-04-27T17:47:12,2026-04-27T00:24:03,0.401,synthetic_demo,DEMO_SENSOR_01,rest,0,11.072,-0.004648,-0.00688,0.999035,0.008359,0.029513,0.023071,0.08003,91.997
,,,,,,,,,,,,,,,,,,,,,,,,,,,,,,,,,,,,,,,,,,,,,,,2026-04-27T17:47:13,2026-04-27T00:36:04,0.601,synthetic_demo,DEMO_SENSOR_01,rest,0,11.261,0.004739,-0.00383,1.000754,0.00614,0.025989,0.026827,0.08004,91.996
,,,,,,,,,,,,,,,,,,,,,,,,,,,,,,,,,,,,,,,,,,,,,,,2026-04-27T17:47:14,2026-04-27T00:48:05,0.801,synthetic_demo,DEMO_SENSOR_01,rest,0,11.354,-0.001108,-0.001377,0.993351,0.00688,0.032526,0.018696,0.08005,91.995
,,,,,,,,,,,,,,,,,,,,,,,,,,,,,,,,,,,,,,,,,,,,,,,2026-04-27T17:47:15,2026-04-27T01:00:06,1.002,synthetic_demo,DEMO_SENSOR_01,rest,0,11.091,0.00375,0.001653,0.995158,0.006343,0.029208,0.02937,0.08006,91.994
,,,,,,,,,,,,,,,,,,,,,,,,,,,,,,,,,,,,,,,,,,,,,,,2026-04-27T17:47:16,2026-04-27T01:12:08,1.202,synthetic_demo,DEMO_SENSOR_01,train_passage,1,11.532,-0.003497,-0.098633,0.952239,0.109644,0.270596,0.260337,0.080222,91.978
,,,,,,,,,,,,,,,,,,,,,,,,,,,,,,,,,,,,,,,,,,,,,,,2026-04-27T17:47:17,2026-04-27T01:24:09,1.402,synthetic_demo,DEMO_SENSOR_01,train_passage,1,11.167,-0.115517,0.127814,0.820541,0.248769,1.332125,1.562476,0.081305,91.869
,,,,,,,,,,,,,,,,,,,,,,,,,,,,,,,,,,,,,,,,,,,,,,,2026-04-27T17:47:18,2026-04-27T01:36:10,1.603,synthetic_demo,DEMO_SENSOR_01,train_passage,1,11.63,-0.18727,-0.063482,0.513309,0.525327,1.301718,1.729257,0.082515,91.748
,,,,,,,,,,,,,,,,,,,,,,,,,,,,,,,,,,,,,,,,,,,,,,,2026-04-27T17:47:19,2026-04-27T01:48:11,1.803,synthetic_demo,DEMO_SENSOR_01,rest,0,11.878,0.002933,0.006305,0.996488,0.007791,0.022385,0.01307,0.082525,91.747
,,,,,,,,,,,,,,,,,,,,,,,,,,,,,,,,,,,,,,,,,,,,,,,2026-04-27T17:47:20,2026-04-27T02:00:13,2.004,synthetic_demo,DEMO_SENSOR_01,rest,0,12.095,-0.001186,-0.005765,1.000802,0.00594,0.025757,0.03604,0.082535,91.746
,,,,,,,,,,,,,,,,,,,,,,,,,,,,,,,,,,,,,,,,,,,,,,,2026-04-27T17:47:21,2026-04-27T02:12:15,2.204,synthetic_demo,DEMO_SENSOR_01,rest,0,12.116,0.002491,-0.010084,1.003998,0.01113,0.025758,0.01373,0.082545,91.745
,,,,,,,,,,,,,,,,,,,,,,,,,,,,,,,,,,,,,,,,,,,,,,,2026-04-27T17:47:22,2026-04-27T02:24:16,2.404,synthetic_demo,DEMO_SENSOR_01,rest,0,12.185,0.006832,-0.003055,1.00784,0.010838,0.02604,0.016759,0.082555,91.744
,,,,,,,,,,,,,,,,,,,,,,,,,,,,,,,,,,,,,,,,,,,,,,,2026-04-27T17:47:23,2026-04-27T02:36:17,2.605,synthetic_demo,DEMO_SENSOR_01,rest,0,12.488,-0.006769,0.005851,0.997848,0.009203,0.028502,0.015382,0.082565,91.743
,,,,,,,,,,,,,,,,,,,,,,,,,,,,,,,,,,,,,,,,,,,,,,,2026-04-27T17:47:24,2026-04-27T02:48:18,2.805,synthetic_demo,DEMO_SENSOR_01,rest,0,12.479,0.008035,-0.009642,1.003437,0.013013,0.015628,0.026249,0.082575,91.742
,,,,,,,,,,,,,,,,,,,,,,,,,,,,,,,,,,,,,,,,,,,,,,,2026-04-27T17:47:25,2026-04-27T03:00:19,3.005,synthetic_demo,DEMO_SENSOR_01,rest,0,12.959,0.014933,0.011729,1.006724,0.020144,0.030251,0.015471,0.082585,91.741
,,,,,,,,,,,,,,,,,,,,,,,,,,,,,,,,,,,,,,,,,,,,,,,2026-04-27T17:47:26,2026-04-27T03:12:21,3.206,synthetic_demo,DEMO_SENSOR_01,train_passage,1,13.119,0.034524,-0.000656,0.919252,0.087821,0.408859,0.421912,0.082783,91.722
,,,,,,,,,,,,,,,,,,,,,,,,,,,,,,,,,,,,,,,,,,,,,,,2026-04-27T17:47:27,2026-04-27T03:24:22,3.406,synthetic_demo,DEMO_SENSOR_01,train_passage,1,13.747,0.227899,0.372506,0.747522,0.504424,1.505152,1.828019,0.084083,91.592
,,,,,,,,,,,,,,,,,,,,,,,,,,,,,,,,,,,,,,,,,,,,,,,2026-04-27T17:47:28,2026-04-27T03:36:24,3.607,synthetic_demo,DEMO_SENSOR_01,train_passage,1,13.425,-0.07235,0.241513,0.585643,0.48503,1.229365,1.445286,0.085065,91.494
,,,,,,,,,,,,,,,,,,,,,,,,,,,,,,,,,,,,,,,,,,,,,,,2026-04-27T17:47:29,2026-04-27T03:48:25,3.807,synthetic_demo,DEMO_SENSOR_01,rest,0,13.999,0.005083,-0.012858,0.997454,0.014059,0.020965,0.012636,0.085075,91.493
,,,,,,,,,,,,,,,,,,,,,,,,,,,,,,,,,,,,,,,,,,,,,,,2026-04-27T17:47:30,2026-04-27T04:00:27,4.008,synthetic_demo,DEMO_SENSOR_01,rest,0,14.235,0.01227,0.004208,0.995018,0.013895,0.015559,0.01604,0.085085,91.492
,,,,,,,,,,,,,,,,,,,,,,,,,,,,,,,,,,,,,,,,,,,,,,,2026-04-27T17:47:31,2026-04-27T04:12:28,4.208,synthetic_demo,DEMO_SENSOR_01,rest,0,14.989,0.009201,0.00437,0.999783,0.010189,0.035497,0.026133,0.085095,91.491
,,,,,,,,,,,,,,,,,,,,,,,,,,,,,,,,,,,,,,,,,,,,,,,2026-04-27T17:47:32,2026-04-27T04:24:29,4.408,synthetic_demo,DEMO_SENSOR_01,rest,0,14.709,0.021553,0.009245,1.005793,0.024157,0.025544,0.018461,0.085105,91.49
,,,,,,,,,,,,,,,,,,,,,,,,,,,,,,,,,,,,,,,,,,,,,,,2026-04-27T17:47:33,2026-04-27T04:36:31,4.609,synthetic_demo,DEMO_SENSOR_01,rest,0,15.192,-0.008363,0.016166,0.998317,0.018278,0.021855,0.028181,0.085115,91.489
,,,,,,,,,,,,,,,,,,,,,,,,,,,,,,,,,,,,,,,,,,,,,,,2026-04-27T17:47:34,2026-04-27T04:48:32,4.809,synthetic_demo,DEMO_SENSOR_01,rest,0,15.835,0.014649,0.001055,0.998841,0.014733,0.016964,0.013929,0.085125,91.488
,,,,,,,,,,,,,,,,,,,,,,,,,,,,,,,,,,,,,,,,,,,,,,,2026-04-27T17:47:35,2026-04-27T05:00:33,5.009,synthetic_demo,DEMO_SENSOR_01,rest,0,16.236,0.003777,-0.004682,0.998487,0.006203,0.035149,0.02066,0.085135,91.487
,,,,,,,,,,,,,,,,,,,,,,,,,,,,,,,,,,,,,,,,,,,,,,,2026-04-27T17:47:36,2026-04-27T05:12:34,5.209,synthetic_demo,DEMO_SENSOR_01,train_passage,1,16.557,0.017169,0.015534,0.943967,0.060628,0.395842,0.295267,0.085317,91.468
,,,,,,,,,,,,,,,,,,,,,,,,,,,,,,,,,,,,,,,,,,,,,,,2026-04-27T17:47:37,2026-04-27T05:24:35,5.41,synthetic_demo,DEMO_SENSOR_01,train_passage,1,17.367,-0.231219,0.068745,0.974321,0.242585,1.177415,1.424733,0.086324,91.368
,,,,,,,,,,,,,,,,,,,,,,,,,,,,,,,,,,,,,,,,,,,,,,,2026-04-27T17:47:38,2026-04-27T05:36:37,5.61,synthetic_demo,DEMO_SENSOR_01,train_passage,1,17.653,-0.161928,0.249331,0.788729,0.364722,1.121877,1.381815,0.087307,91.269
,,,,,,,,,,,,,,,,,,,,,,,,,,,,,,,,,,,,,,,,,,,,,,,2026-04-27T17:47:39,2026-04-27T05:48:38,5.811,synthetic_demo,DEMO_SENSOR_01,rest,0,18.076,0.005186,0.00508,1.006689,0.009871,0.037531,0.014364,0.087317,91.268
,,,,,,,,,,,,,,,,,,,,,,,,,,,,,,,,,,,,,,,,,,,,,,,2026-04-27T17:47:40,2026-04-27T06:00:40,6.011,synthetic_demo,DEMO_SENSOR_01,rest,0,17.647,0.003924,-0.00383,0.997474,0.006037,0.021497,0.010546,0.087327,91.267
,,,,,,,,,,,,,,,,,,,,,,,,,,,,,,,,,,,,,,,,,,,,,,,2026-04-27T17:47:41,2026-04-27T06:12:42,6.212,synthetic_demo,DEMO_SENSOR_01,rest,0,18.77,0.006935,0.012096,0.999454,0.013954,0.0196,0.000891,0.087337,91.266
,,,,,,,,,,,,,,,,,,,,,,,,,,,,,,,,,,,,,,,,,,,,,,,2026-04-27T17:47:42,2026-04-27T06:24:44,6.412,synthetic_demo,DEMO_SENSOR_01,rest,0,19.008,-0.01193,0.010585,0.99882,0.015992,0.033536,0.015251,0.087347,91.265
,,,,,,,,,,,,,,,,,,,,,,,,,,,,,,,,,,,,,,,,,,,,,,,2026-04-27T17:47:43,2026-04-27T06:36:45,6.612,synthetic_demo,DEMO_SENSOR_01,rest,0,19.212,-0.003942,-0.005062,0.995238,0.007989,0.025964,0.016835,0.087357,91.264
,,,,,,,,,,,,,,,,,,,,,,,,,,,,,,,,,,,,,,,,,,,,,,,2026-04-27T17:47:44,2026-04-27T06:48:48,6.813,synthetic_demo,DEMO_SENSOR_01,rest,0,19.178,-0.003597,0.001858,1.003337,0.005246,0.036081,0.013003,0.087367,91.263
,,,,,,,,,,,,,,,,,,,,,,,,,,,,,,,,,,,,,,,,,,,,,,,2026-04-27T17:47:45,2026-04-27T07:00:50,7.014,synthetic_demo,DEMO_SENSOR_01,train_passage,1,19.916,0.041484,0.026361,0.944664,0.074013,0.376403,0.387312,0.087586,91.241
,,,,,,,,,,,,,,,,,,,,,,,,,,,,,,,,,,,,,,,,,,,,,,,2026-04-27T17:47:46,2026-04-27T07:12:51,7.214,synthetic_demo,DEMO_SENSOR_01,train_passage,1,19.95,0.184865,0.288894,0.665328,0.479208,1.47343,1.751412,0.08887,91.113
,,,,,,,,,,,,,,,,,,,,,,,,,,,,,,,,,,,,,,,,,,,,,,,2026-04-27T17:47:47,2026-04-27T07:24:52,7.414,synthetic_demo,DEMO_SENSOR_01,train_passage,1,20.386,-0.239117,-0.208323,0.96942,0.318608,1.329099,1.551786,0.090014,90.999
,,,,,,,,,,,,,,,,,,,,,,,,,,,,,,,,,,,,,,,,,,,,,,,2026-04-27T17:47:48,2026-04-27T07:36:53,7.615,synthetic_demo,DEMO_SENSOR_01,rest,0,20.687,0.011751,0.012388,1.003312,0.017393,0.024096,0.021279,0.090024,90.998
,,,,,,,,,,,,,,,,,,,,,,,,,,,,,,,,,,,,,,,,,,,,,,,2026-04-27T17:47:49,2026-04-27T07:48:54,7.815,synthetic_demo,DEMO_SENSOR_01,rest,0,21.481,-0.003426,-0.002408,1.0066,0.007816,0.027127,0.02903,0.090034,90.997
,,,,,,,,,,,,,,,,,,,,,,,,,,,,,,,,,,,,,,,,,,,,,,,2026-04-27T17:47:50,2026-04-27T08:00:55,8.015,synthetic_demo,DEMO_SENSOR_01,rest,0,21.566,-0.009832,0.011654,0.995528,0.01589,0.022923,0.026895,0.090044,90.996
,,,,,,,,,,,,,,,,,,,,,,,,,,,,,,,,,,,,,,,,,,,,,,,2026-04-27T17:47:51,2026-04-27T08:12:57,8.216,synthetic_demo,DEMO_SENSOR_01,rest,0,22.03,-0.007697,0.010754,1.002456,0.013451,0.029529,0.022958,0.090054,90.995
,,,,,,,,,,,,,,,,,,,,,,,,,,,,,,,,,,,,,,,,,,,,,,,2026-04-27T17:47:52,2026-04-27T08:24:58,8.416,synthetic_demo,DEMO_SENSOR_01,rest,0,22.002,-0.002206,-0.00245,1.003269,0.004643,0.030526,0.016491,0.090064,90.994
,,,,,,,,,,,,,,,,,,,,,,,,,,,,,,,,,,,,,,,,,,,,,,,2026-04-27T17:47:53,2026-04-27T08:36:59,8.616,synthetic_demo,DEMO_SENSOR_01,rest,0,22.456,-0.003865,0.008495,0.997459,0.009672,0.043673,0.011322,0.090074,90.993
,,,,,,,,,,,,,,,,,,,,,,,,,,,,,,,,,,,,,,,,,,,,,,,2026-04-27T17:47:54,2026-04-27T08:49:00,8.817,synthetic_demo,DEMO_SENSOR_01,rest,0,22.85,0.005285,0.00909,1.001338,0.0106,0.017554,0.01482,0.090084,90.992
,,,,,,,,,,,,,,,,,,,,,,,,,,,,,,,,,,,,,,,,,,,,,,,2026-04-27T17:47:55,2026-04-27T09:01:08,9.019,synthetic_demo,DEMO_SENSOR_01,rest,0,23.015,0.006792,0.010882,0.999859,0.012828,0.029225,0.01774,0.090094,90.991
,,,,,,,,,,,,,,,,,,,,,,,,,,,,,,,,,,,,,,,,,,,,,,,2026-04-27T17:47:56,2026-04-27T09:13:09,9.219,synthetic_demo,DEMO_SENSOR_01,rest,0,23.298,-0.010484,-0.003617,1.00836,0.013888,0.044678,0.02586,0.090104,90.99
,,,,,,,,,,,,,,,,,,,,,,,,,,,,,,,,,,,,,,,,,,,,,,,2026-04-27T17:47:57,2026-04-27T09:25:11,9.42,synthetic_demo,DEMO_SENSOR_01,train_passage,1,23.692,0.011689,-0.018581,0.985629,0.026238,0.358655,0.324461,0.09028,90.972
,,,,,,,,,,,,,,,,,,,,,,,,,,,,,,,,,,,,,,,,,,,,,,,2026-04-27T17:47:58,2026-04-27T09:37:12,9.62,synthetic_demo,DEMO_SENSOR_01,train_passage,1,23.542,0.034044,-0.167673,0.843812,0.231663,1.337127,1.576892,0.091336,90.866
,,,,,,,,,,,,,,,,,,,,,,,,,,,,,,,,,,,,,,,,,,,,,,,2026-04-27T17:47:59,2026-04-27T09:49:13,9.82,synthetic_demo,DEMO_SENSOR_01,train_passage,1,23.978,-0.302279,0.113775,0.955876,0.325982,1.329391,1.548809,0.092496,90.75
,,,,,,,,,,,,,,,,,,,,,,,,,,,,,,,,,,,,,,,,,,,,,,,2026-04-27T17:48:00,2026-04-27T10:01:15,10.021,synthetic_demo,DEMO_SENSOR_01,rest,0,24.373,0.0021,-0.003584,1.002275,0.004736,0.023212,0.013123,0.092506,90.749
,,,,,,,,,,,,,,,,,,,,,,,,,,,,,,,,,,,,,,,,,,,,,,,2026-04-27T17:48:01,2026-04-27T10:13:16,10.221,synthetic_demo,DEMO_SENSOR_01,rest,0,24.562,0.000295,0.002733,0.996499,0.004451,0.032358,0.015421,0.092516,90.748
,,,,,,,,,,,,,,,,,,,,,,,,,,,,,,,,,,,,,,,,,,,,,,,2026-04-27T17:48:02,2026-04-27T10:25:17,10.421,synthetic_demo,DEMO_SENSOR_01,rest,0,24.588,-0.011866,0.007078,0.995992,0.014386,0.022596,0.021722,0.092526,90.747
,,,,,,,,,,,,,,,,,,,,,,,,,,,,,,,,,,,,,,,,,,,,,,,2026-04-27T17:48:03,2026-04-27T10:37:18,10.622,synthetic_demo,DEMO_SENSOR_01,rest,0,24.754,0.002513,0.003355,0.997788,0.00474,0.029519,0.014613,0.092536,90.746
,,,,,,,,,,,,,,,,,,,,,,,,,,,,,,,,,,,,,,,,,,,,,,,2026-04-27T17:48:04,2026-04-27T10:49:19,10.822,synthetic_demo,DEMO_SENSOR_01,rest,0,24.113,-0.012846,0.006382,0.99518,0.015132,0.031689,0.030141,0.092546,90.745
,,,,,,,,,,,,,,,,,,,,,,,,,,,,,,,,,,,,,,,,,,,,,,,2026-04-27T17:48:05,2026-04-27T11:01:20,11.022,synthetic_demo,DEMO_SENSOR_01,rest,0,24.491,0.003009,-0.002937,0.99817,0.004586,0.030069,0.013483,0.092556,90.744
,,,,,,,,,,,,,,,,,,,,,,,,,,,,,,,,,,,,,,,,,,,,,,,2026-04-27T17:48:06,2026-04-27T11:13:21,11.223,synthetic_demo,DEMO_SENSOR_01,train_passage,1,24.718,0.067707,-0.03471,1.041951,0.086885,0.34651,0.393544,0.092757,90.724
,,,,,,,,,,,,,,,,,,,,,,,,,,,,,,,,,,,,,,,,,,,,,,,2026-04-27T17:48:07,2026-04-27T11:25:23,11.423,synthetic_demo,DEMO_SENSOR_01,train_passage,1,24.862,0.132754,0.272619,0.808983,0.358375,1.435712,1.705522,0.093945,90.606
,,,,,,,,,,,,,,,,,,,,,,,,,,,,,,,,,,,,,,,,,,,,,,,2026-04-27T17:48:08,2026-04-27T11:37:24,11.623,synthetic_demo,DEMO_SENSOR_01,train_passage,1,24.78,0.160431,0.06498,0.682473,0.361641,1.294754,1.394365,0.094915,90.509
,,,,,,,,,,,,,,,,,,,,,,,,,,,,,,,,,,,,,,,,,,,,,,,2026-04-27T17:48:09,2026-04-27T11:49:26,11.824,synthetic_demo,DEMO_SENSOR_01,rest,0,24.853,-0.004743,0.010343,1.000293,0.011382,0.019384,0.02528,0.094925,90.508
,,,,,,,,,,,,,,,,,,,,,,,,,,,,,,,,,,,,,,,,,,,,,,,2026-04-27T17:48:10,2026-04-27T12:01:28,12.024,synthetic_demo,DEMO_SENSOR_01,rest,0,24.871,-0.001375,0.005483,1.002292,0.0061,0.027094,0.017377,0.094935,90.507
,,,,,,,,,,,,,,,,,,,,,,,,,,,,,,,,,,,,,,,,,,,,,,,2026-04-27T17:48:11,2026-04-27T12:13:29,12.225,synthetic_demo,DEMO_SENSOR_01,rest,0,24.748,-0.009504,-0.002853,0.999367,0.009943,0.0172,0.023234,0.094945,90.506
,,,,,,,,,,,,,,,,,,,,,,,,,,,,,,,,,,,,,,,,,,,,,,,2026-04-27T17:48:12,2026-04-27T12:25:30,12.425,synthetic_demo,DEMO_SENSOR_01,rest,0,25.013,-0.002937,0.000537,0.998941,0.003168,0.037791,0.012891,0.094955,90.505
,,,,,,,,,,,,,,,,,,,,,,,,,,,,,,,,,,,,,,,,,,,,,,,2026-04-27T17:48:13,2026-04-27T12:37:31,12.625,synthetic_demo,DEMO_SENSOR_01,rest,0,25.116,0.00389,-0.004939,0.999187,0.006339,0.028434,0.022799,0.094965,90.504
,,,,,,,,,,,,,,,,,,,,,,,,,,,,,,,,,,,,,,,,,,,,,,,2026-04-27T17:48:14,2026-04-27T12:49:32,12.826,synthetic_demo,DEMO_SENSOR_01,rest,0,24.661,0.00527,-0.008448,0.998095,0.010137,0.004731,0.025649,0.094975,90.503
,,,,,,,,,,,,,,,,,,,,,,,,,,,,,,,,,,,,,,,,,,,,,,,2026-04-27T17:48:15,2026-04-27T13:01:34,13.026,synthetic_demo,DEMO_SENSOR_01,rest,0,25.016,-0.008638,-0.011622,0.99633,0.014938,0.022531,0.030678,0.094985,90.502
,,,,,,,,,,,,,,,,,,,,,,,,,,,,,,,,,,,,,,,,,,,,,,,2026-04-27T17:48:16,2026-04-27T13:13:35,13.226,synthetic_demo,DEMO_SENSOR_01,rest,0,24.801,0.018198,0.003573,1.000784,0.018562,0.02696,0.016604,0.094995,90.501
,,,,,,,,,,,,,,,,,,,,,,,,,,,,,,,,,,,,,,,,,,,,,,,2026-04-27T17:48:17,2026-04-27T13:25:36,13.427,synthetic_demo,DEMO_SENSOR_01,train_passage,1,24.367,-0.003445,-0.064326,1.052841,0.083317,0.415425,0.476884,0.095205,90.48
,,,,,,,,,,,,,,,,,,,,,,,,,,,,,,,,,,,,,,,,,,,,,,,2026-04-27T17:48:18,2026-04-27T13:37:38,13.627,synthetic_demo,DEMO_SENSOR_01,train_passage,1,24.038,0.011744,0.076774,1.236724,0.249139,1.279391,1.605107,0.096277,90.372
,,,,,,,,,,,,,,,,,,,,,,,,,,,,,,,,,,,,,,,,,,,,,,,2026-04-27T17:48:19,2026-04-27T13:49:39,13.828,synthetic_demo,DEMO_SENSOR_01,train_passage,1,23.855,0.08647,-0.267603,0.816377,0.335866,1.152071,1.49062,0.09725,90.275
,,,,,,,,,,,,,,,,,,,,,,,,,,,,,,,,,,,,,,,,,,,,,,,2026-04-27T17:48:20,2026-04-27T14:01:40,14.028,synthetic_demo,DEMO_SENSOR_01,rest,0,24.134,0.014885,0.00197,1.005626,0.016034,0.034874,0.03171,0.09726,90.274
,,,,,,,,,,,,,,,,,,,,,,,,,,,,,,,,,,,,,,,,,,,,,,,2026-04-27T17:48:21,2026-04-27T14:13:41,14.228,synthetic_demo,DEMO_SENSOR_01,rest,0,24.148,-0.002753,0.004341,0.991038,0.010331,0.017559,0.009295,0.09727,90.273
,,,,,,,,,,,,,,,,,,,,,,,,,,,,,,,,,,,,,,,,,,,,,,,2026-04-27T17:48:22,2026-04-27T14:25:43,14.429,synthetic_demo,DEMO_SENSOR_01,rest,0,24.007,0.007902,6e-05,1.005629,0.009702,0.029362,0.002727,0.09728,90.272
,,,,,,,,,,,,,,,,,,,,,,,,,,,,,,,,,,,,,,,,,,,,,,,2026-04-27T17:48:23,2026-04-27T14:37:45,14.629,synthetic_demo,DEMO_SENSOR_01,rest,0,23.42,-0.001232,0.016445,1.003194,0.016798,0.017706,0.012232,0.09729,90.271
,,,,,,,,,,,,,,,,,,,,,,,,,,,,,,,,,,,,,,,,,,,,,,,2026-04-27T17:48:24,2026-04-27T14:49:46,14.829,synthetic_demo,DEMO_SENSOR_01,rest,0,22.95,-0.020421,0.004067,0.996543,0.021107,0.020549,0.012656,0.0973,90.27
,,,,,,,,,,,,,,,,,,,,,,,,,,,,,,,,,,,,,,,,,,,,,,,2026-04-27T17:48:25,2026-04-27T15:01:49,15.03,synthetic_demo,DEMO_SENSOR_01,rest,0,23.208,0.005021,0.002091,0.994717,0.007582,0.025137,0.010162,0.09731,90.269
,,,,,,,,,,,,,,,,,,,,,,,,,,,,,,,,,,,,,,,,,,,,,,,2026-04-27T17:48:26,2026-04-27T15:13:50,15.231,synthetic_demo,DEMO_SENSOR_01,rest,0,22.583,0.003327,-0.000429,0.998709,0.003594,0.033291,0.023712,0.09732,90.268
,,,,,,,,,,,,,,,,,,,,,,,,,,,,,,,,,,,,,,,,,,,,,,,2026-04-27T17:48:27,2026-04-27T15:25:52,15.431,synthetic_demo,DEMO_SENSOR_01,rest,0,21.939,0.004797,-0.003283,1.003473,0.006771,0.022443,0.016868,0.09733,90.267
,,,,,,,,,,,,,,,,,,,,,,,,,,,,,,,,,,,,,,,,,,,,,,,2026-04-27T17:48:28,2026-04-27T15:37:53,15.631,synthetic_demo,DEMO_SENSOR_01,rest,0,22.295,0.00928,0.001741,1.00315,0.009954,0.02838,0.016188,0.09734,90.266
,,,,,,,,,,,,,,,,,,,,,,,,,,,,,,,,,,,,,,,,,,,,,,,2026-04-27T17:48:29,2026-04-27T15:50:17,15.838,synthetic_demo,DEMO_SENSOR_01,train_passage,1,21.65,0.025746,0.035155,1.002386,0.043639,0.37181,0.358088,0.0975,90.25
,,,,,,,,,,,,,,,,,,,,,,,,,,,,,,,,,,,,,,,,,,,,,,,2026-04-27T17:48:30,2026-04-27T16:02:18,16.038,synthetic_demo,DEMO_SENSOR_01,train_passage,1,21.7,-0.190211,-0.266593,1.494997,0.593527,1.255253,1.49158,0.098573,90.143
,,,,,,,,,,,,,,,,,,,,,,,,,,,,,,,,,,,,,,,,,,,,,,,2026-04-27T17:48:31,2026-04-27T16:14:20,16.239,synthetic_demo,DEMO_SENSOR_01,train_passage,1,21.599,-0.084486,-0.212947,0.508467,0.5423,1.355347,1.692701,0.09978,90.022
,,,,,,,,,,,,,,,,,,,,,,,,,,,,,,,,,,,,,,,,,,,,,,,2026-04-27T17:48:32,2026-04-27T16:26:21,16.439,synthetic_demo,DEMO_SENSOR_01,rest,0,20.901,0.003223,-0.001078,0.997296,0.004343,0.024163,0.019315,0.09979,90.021
,,,,,,,,,,,,,,,,,,,,,,,,,,,,,,,,,,,,,,,,,,,,,,,2026-04-27T17:48:33,2026-04-27T16:38:23,16.64,synthetic_demo,DEMO_SENSOR_01,rest,0,20.563,0.001902,0.006065,0.996617,0.0072,0.018616,0.01824,0.0998,90.02
,,,,,,,,,,,,,,,,,,,,,,,,,,,,,,,,,,,,,,,,,,,,,,,2026-04-27T17:48:34,2026-04-27T16:50:24,16.84,synthetic_demo,DEMO_SENSOR_01,rest,0,20.575,0.003327,0.007608,1.005466,0.009941,0.017881,0.01611,0.09981,90.019
,,,,,,,,,,,,,,,,,,,,,,,,,,,,,,,,,,,,,,,,,,,,,,,2026-04-27T17:48:35,2026-04-27T17:02:25,17.04,synthetic_demo,DEMO_SENSOR_01,rest,0,19.912,-0.00598,-0.002333,0.998905,0.006512,0.027287,0.026757,0.09982,90.018
,,,,,,,,,,,,,,,,,,,,,,,,,,,,,,,,,,,,,,,,,,,,,,,2026-04-27T17:48:36,2026-04-27T17:14:26,17.241,synthetic_demo,DEMO_SENSOR_01,rest,0,19.366,-0.002865,-0.01395,0.993566,0.015628,0.025456,0.022954,0.09983,90.017
,,,,,,,,,,,,,,,,,,,,,,,,,,,,,,,,,,,,,,,,,,,,,,,2026-04-27T17:48:37,2026-04-27T17:26:29,17.441,synthetic_demo,DEMO_SENSOR_01,rest,0,18.739,-0.02069,0.00865,1.000901,0.022444,0.03168,0.003663,0.09984,90.016
,,,,,,,,,,,,,,,,,,,,,,,,,,,,,,,,,,,,,,,,,,,,,,,2026-04-27T17:48:38,2026-04-27T17:38:32,17.642,synthetic_demo,DEMO_SENSOR_01,rest,0,18.835,0.004099,0.005822,0.997559,0.007527,0.024739,0.023995,0.09985,90.015
,,,,,,,,,,,,,,,,,,,,,,,,,,,,,,,,,,,,,,,,,,,,,,,2026-04-27T17:48:39,2026-04-27T17:50:33,17.842,synthetic_demo,DEMO_SENSOR_01,rest,0,18.045,-0.000545,-0.004678,1.003092,0.005634,0.019286,0.014673,0.09986,90.014
,,,,,,,,,,,,,,,,,,,,,,,,,,,,,,,,,,,,,,,,,,,,,,,2026-04-27T17:48:40,2026-04-27T18:02:34,18.043,synthetic_demo,DEMO_SENSOR_01,train_passage,1,17.908,-0.018477,0.053917,1.037347,0.068141,0.242101,0.382849,0.100022,89.998
,,,,,,,,,,,,,,,,,,,,,,,,,,,,,,,,,,,,,,,,,,,,,,,2026-04-27T17:48:41,2026-04-27T18:14:37,18.244,synthetic_demo,DEMO_SENSOR_01,train_passage,1,17.786,-0.29391,0.230003,0.883431,0.390989,1.367351,1.738224,0.101255,89.874
,,,,,,,,,,,,,,,,,,,,,,,,,,,,,,,,,,,,,,,,,,,,,,,2026-04-27T17:48:42,2026-04-27T18:26:39,18.444,synthetic_demo,DEMO_SENSOR_01,train_passage,1,17.332,-0.133529,-0.188204,0.886103,0.257339,1.097052,1.302572,0.102184,89.782
,,,,,,,,,,,,,,,,,,,,,,,,,,,,,,,,,,,,,,,,,,,,,,,2026-04-27T17:48:43,2026-04-27T18:38:40,18.644,synthetic_demo,DEMO_SENSOR_01,rest,0,16.921,-0.008015,0.002032,1.00646,0.010493,0.021106,0.008325,0.102194,89.781
,,,,,,,,,,,,,,,,,,,,,,,,,,,,,,,,,,,,,,,,,,,,,,,2026-04-27T17:48:44,2026-04-27T18:50:42,18.845,synthetic_demo,DEMO_SENSOR_01,rest,0,16.21,0.014868,0.00178,1.000974,0.015006,0.017995,0.012959,0.102204,89.78
,,,,,,,,,,,,,,,,,,,,,,,,,,,,,,,,,,,,,,,,,,,,,,,2026-04-27T17:48:45,2026-04-27T19:02:44,19.046,synthetic_demo,DEMO_SENSOR_01,rest,0,16.222,0.004837,-0.004962,1.003936,0.007969,0.037165,0.008559,0.102214,89.779
,,,,,,,,,,,,,,,,,,,,,,,,,,,,,,,,,,,,,,,,,,,,,,,2026-04-27T17:48:46,2026-04-27T19:14:46,19.246,synthetic_demo,DEMO_SENSOR_01,rest,0,15.349,0.001425,0.006257,1.004989,0.008129,0.032512,0.024322,0.102224,89.778
,,,,,,,,,,,,,,,,,,,,,,,,,,,,,,,,,,,,,,,,,,,,,,,2026-04-27T17:48:47,2026-04-27T19:26:48,19.447,synthetic_demo,DEMO_SENSOR_01,rest,0,15.674,0.007282,0.003217,1.008993,0.01201,0.035365,0.023387,0.102234,89.777
,,,,,,,,,,,,,,,,,,,,,,,,,,,,,,,,,,,,,,,,,,,,,,,2026-04-27T17:48:48,2026-04-27T19:38:49,19.647,synthetic_demo,DEMO_SENSOR_01,rest,0,14.927,-0.008102,-0.003287,0.997936,0.008983,0.028566,0.016927,0.102244,89.776
,,,,,,,,,,,,,,,,,,,,,,,,,,,,,,,,,,,,,,,,,,,,,,,2026-04-27T17:48:49,2026-04-27T19:50:50,19.847,synthetic_demo,DEMO_SENSOR_01,train_passage,1,14.314,0.030494,-0.005203,0.935808,0.071257,0.406436,0.456074,0.10246,89.754
,,,,,,,,,,,,,,,,,,,,,,,,,,,,,,,,,,,,,,,,,,,,,,,2026-04-27T17:48:50,2026-04-27T20:02:51,20.048,synthetic_demo,DEMO_SENSOR_01,train_passage,1,13.812,0.17873,-0.20638,1.370833,0.460493,1.373543,1.739508,0.103663,89.634
,,,,,,,,,,,,,,,,,,,,,,,,,,,,,,,,,,,,,,,,,,,,,,,2026-04-27T17:48:51,2026-04-27T20:14:52,20.248,synthetic_demo,DEMO_SENSOR_01,train_passage,1,14.074,0.315366,-0.04168,0.691921,0.442838,1.352991,1.622382,0.104822,89.518
,,,,,,,,,,,,,,,,,,,,,,,,,,,,,,,,,,,,,,,,,,,,,,,2026-04-27T17:48:52,2026-04-27T20:26:54,20.448,synthetic_demo,DEMO_SENSOR_01,rest,0,14.041,-0.002548,-0.001774,1.000315,0.00312,0.016573,0.016237,0.104832,89.517
,,,,,,,,,,,,,,,,,,,,,,,,,,,,,,,,,,,,,,,,,,,,,,,2026-04-27T17:48:53,2026-04-27T20:38:55,20.649,synthetic_demo,DEMO_SENSOR_01,rest,0,13.501,-0.006493,0.011982,0.99834,0.013729,0.030212,0.006841,0.104842,89.516
,,,,,,,,,,,,,,,,,,,,,,,,,,,,,,,,,,,,,,,,,,,,,,,2026-04-27T17:48:54,2026-04-27T20:50:56,20.849,synthetic_demo,DEMO_SENSOR_01,rest,0,13.292,0.006939,-0.01008,0.995585,0.013009,0.022478,0.016555,0.104852,89.515
,,,,,,,,,,,,,,,,,,,,,,,,,,,,,,,,,,,,,,,,,,,,,,,2026-04-27T17:48:55,2026-04-27T21:02:57,21.049,synthetic_demo,DEMO_SENSOR_01,rest,0,12.447,0.003118,0.007856,1.000752,0.008485,0.021103,0.012713,0.104862,89.514
,,,,,,,,,,,,,,,,,,,,,,,,,,,,,,,,,,,,,,,,,,,,,,,2026-04-27T17:48:56,2026-04-27T21:14:59,21.25,synthetic_demo,DEMO_SENSOR_01,rest,0,12.584,0.003527,0.017783,0.997039,0.01837,0.027408,0.011351,0.104872,89.513
,,,,,,,,,,,,,,,,,,,,,,,,,,,,,,,,,,,,,,,,,,,,,,,2026-04-27T17:48:57,2026-04-27T21:27:00,21.45,synthetic_demo,DEMO_SENSOR_01,rest,0,12.486,-0.012949,0.002149,0.990942,0.015948,0.027001,0.021375,0.104882,89.512
,,,,,,,,,,,,,,,,,,,,,,,,,,,,,,,,,,,,,,,,,,,,,,,2026-04-27T17:48:58,2026-04-27T21:39:01,21.65,synthetic_demo,DEMO_SENSOR_01,rest,0,12.466,0.007038,0.008258,1.002303,0.011091,0.028922,0.018258,0.104892,89.511
,,,,,,,,,,,,,,,,,,,,,,,,,,,,,,,,,,,,,,,,,,,,,,,2026-04-27T17:48:59,2026-04-27T21:51:02,21.851,synthetic_demo,DEMO_SENSOR_01,train_passage,1,11.951,-0.026248,-0.060299,0.945381,0.085488,0.347941,0.372465,0.10506,89.494
,,,,,,,,,,,,,,,,,,,,,,,,,,,,,,,,,,,,,,,,,,,,,,,2026-04-27T17:49:00,2026-04-27T22:03:04,22.051,synthetic_demo,DEMO_SENSOR_01,train_passage,1,11.98,0.001165,0.144356,1.168454,0.221848,1.375097,1.516389,0.106152,89.385
,,,,,,,,,,,,,,,,,,,,,,,,,,,,,,,,,,,,,,,,,,,,,,,2026-04-27T17:49:01,2026-04-27T22:15:05,22.251,synthetic_demo,DEMO_SENSOR_01,train_passage,1,12.109,0.313727,0.279755,1.503216,0.655678,1.382265,1.685582,0.107357,89.264
,,,,,,,,,,,,,,,,,,,,,,,,,,,,,,,,,,,,,,,,,,,,,,,2026-04-27T17:49:02,2026-04-27T22:27:06,22.452,synthetic_demo,DEMO_SENSOR_01,rest,0,11.371,-0.007742,-0.014977,0.996528,0.017214,0.038761,0.018315,0.107367,89.263
,,,,,,,,,,,,,,,,,,,,,,,,,,,,,,,,,,,,,,,,,,,,,,,2026-04-27T17:49:03,2026-04-27T22:39:08,22.652,synthetic_demo,DEMO_SENSOR_01,rest,0,11.196,-0.005367,0.005229,0.998465,0.007649,0.02164,0.010919,0.107377,89.262
,,,,,,,,,,,,,,,,,,,,,,,,,,,,,,,,,,,,,,,,,,,,,,,2026-04-27T17:49:04,2026-04-27T22:51:09,22.853,synthetic_demo,DEMO_SENSOR_01,rest,0,11.33,-0.014545,0.000168,1.001875,0.014666,0.018384,0.022917,0.107387,89.261
,,,,,,,,,,,,,,,,,,,,,,,,,,,,,,,,,,,,,,,,,,,,,,,2026-04-27T17:49:05,2026-04-27T23:03:11,23.053,synthetic_demo,DEMO_SENSOR_01,rest,0,11.188,0.001295,0.004823,1.007107,0.008686,0.031356,0.016086,0.107397,89.26
,,,,,,,,,,,,,,,,,,,,,,,,,,,,,,,,,,,,,,,,,,,,,,,2026-04-27T17:49:06,2026-04-27T23:15:14,23.254,synthetic_demo,DEMO_SENSOR_01,rest,0,10.921,0.010844,0.000984,1.000465,0.010899,0.035682,0.018746,0.107407,89.259
,,,,,,,,,,,,,,,,,,,,,,,,,,,,,,,,,,,,,,,,,,,,,,,2026-04-27T17:49:07,2026-04-27T23:27:15,23.454,synthetic_demo,DEMO_SENSOR_01,rest,0,10.717,-0.008098,0.0012,1.005399,0.009806,0.02292,0.01748,0.107417,89.258
,,,,,,,,,,,,,,,,,,,,,,,,,,,,,,,,,,,,,,,,,,,,,,,2026-04-27T17:49:08,2026-04-27T23:39:16,23.654,synthetic_demo,DEMO_SENSOR_01,rest,0,11.362,-0.006736,0.001688,0.993539,0.009485,0.027882,0.014154,0.107427,89.257
,,,,,,,,,,,,,,,,,,,,,,,,,,,,,,,,,,,,,,,,,,,,,,,2026-04-27T17:49:09,2026-04-27T23:51:18,23.855,synthetic_demo,DEMO_SENSOR_01,rest,0,11.322,-0.003819,0.002042,1.001447,0.004566,0.016407,0.009436,0.107437,89.256
